file,z,grading
capers-cos07-v4_prism-clear_6368_43711.spec.fits,4.42044,no
capers-cos10-v4_prism-clear_6368_119334.spec.fits,9.294025001594942,no
capers-cos10-v4_prism-clear_6368_30440.spec.fits,3.5045,no
capers-cos10-v4_prism-clear_6368_32659.spec.fits,4.44217,no
capers-cos13-v4_prism-clear_6368_160387.spec.fits,6.38003,no
capers-cos19-v4_prism-clear_6368_4771.spec.fits,5.92735,no
capers-cos19-v4_prism-clear_6368_9226.spec.fits,3.7241027,no
capers-egs47-v4_prism-clear_6368_19300.spec.fits,4.5332627,yes
capers-egs47-v4_prism-clear_6368_212932.spec.fits,2.28602,no
capers-egs49-v4_prism-clear_6368_11585.spec.fits,6.6958222,no
capers-egs49-v4_prism-clear_6368_8752.spec.fits,8.357495,no
capers-egs53-v4_prism-clear_6368_10108.spec.fits,6.6230583,no
capers-egs61-v4_prism-clear_6368_23961.spec.fits,5.00191,no
capers-egs65-v4_prism-clear_6368_14197.spec.fits,7.152932,yes
capers-egs65-v4_prism-clear_6368_19799.spec.fits,4.2235518,no
capers-udsp1-v4_prism-clear_6368_23419.spec.fits,5.5160136,no
capers-udsp2-v4_prism-clear_6368_10997.spec.fits,5.1536555,no
capers-udsp2-v4_prism-clear_6368_15322.spec.fits,3.70188,no
ceers-ddt-v4_prism-clear_2750_1768.spec.fits,5.0884247,no
ceers-ddt-v4_prism-clear_2750_2015.spec.fits,4.8925524,no
ceers-v4_prism-clear_1345_746.spec.fits,5.629804398175934,yes
ceers-v4_prism-clear_1345_80457.spec.fits,4.2225738,no
cosmos-transients-v4_prism-clear_6585_58018.spec.fits,3.9262767,no
cosmos-transients-v4_prism-clear_6585_61234.spec.fits,7.003398,yes
cosmos-transients-v4_prism-clear_6585_65449.spec.fits,5.2050476,no
egs-nelsonx-v4_prism-clear_4106_47962.spec.fits,6.7285585,yes
egs-nelsonx-v4_prism-clear_4106_51623.spec.fits,4.9589176,yes
egs-nelsonx-v4_prism-clear_4106_57146.spec.fits,6.686174,yes
egs-nelsonx-v4_prism-clear_4106_71365.spec.fits,4.8042393,yes
egs-nelsonx-v4_prism-clear_4106_85168.spec.fits,7.769293,yes
gds-barrufet-s67-v4_prism-clear_2198_12577.spec.fits,5.2363167,no
gds-barrufet-s67-v4_prism-clear_2198_4490.spec.fits,3.705768,no
gds-barrufet-s67-v4_prism-clear_2198_4820.spec.fits,3.7993941,no
gto-wide-egs1-v4_prism-clear_1213_2974.spec.fits,2.3187494,yes
gto-wide-uds11-v4_prism-clear_1215_4994.spec.fits,5.5147057,yes
gto-wide-uds13-v4_prism-clear_1215_4273.spec.fits,4.053912,yes
gto-wide-uds14-v4_prism-clear_1215_4446.spec.fits,4.68347,yes
jades-gdn-v4_prism-clear_1181_39353.spec.fits,4.8533993,yes
jades-gdn-v4_prism-clear_1181_53501.spec.fits,3.43598,yes
jades-gdn-v4_prism-clear_1181_68797.spec.fits,5.043335,yes
jades-gdn09-v4_prism-clear_1181_73488.spec.fits,4.130943,yes
jades-gdn11-v4_prism-clear_1181_4685.spec.fits,7.4159017,yes
jades-gdn198-v4_prism-clear_1181_39353.spec.fits,4.85197,yes
jades-gdn198-v4_prism-clear_1181_53501.spec.fits,3.43611,yes
jades-gdn198-v4_prism-clear_1181_68797.spec.fits,5.0410485,yes
jades-gdn2-v4_prism-clear_1181_28074.spec.fits,2.2734878,yes
jades-gds-w09-v4_prism-clear_1212_2993.spec.fits,4.8245463,yes
jades-gds-wide-v4_prism-clear_1180_12402.spec.fits,3.1927059,yes
jades-gds-wide-v4_prism-clear_1180_13329.spec.fits,3.935016,yes
jades-gds-wide2-v4_prism-clear_1180_b398.spec.fits,7.24752023960155,no
jades-gds02-v4_prism-clear_1286_38562.spec.fits,4.8218217,yes
jades-gds05-v4_prism-clear_1286_204851.spec.fits,5.485453,yes
jades-gds06-v4_prism-clear_1286_159717.spec.fits,5.074387,yes
macs0416-v4_prism-clear_1208_3104035.spec.fits,5.006783,yes
macs0416-v4_prism-clear_1208_3104219.spec.fits,6.414142,no
macs0417-v4_prism-clear_1208_205006.spec.fits,5.621284,no
macs1423-v4_prism-clear_1208_4103248.spec.fits,5.774661,no
macs1423-v4_prism-clear_1208_4111584.spec.fits,4.0656843,no
macsj0647-v4_prism-clear_1433_1045.spec.fits,4.5276384,yes
nexus-obs3-v4_prism-clear_5105_10835.spec.fits,4.65012,no
nexus-obs3-v4_prism-clear_5105_10868.spec.fits,4.38856,no
nexus-obs3-v4_prism-clear_5105_12143.spec.fits,5.86735,no
nexus-obs3-v4_prism-clear_5105_21941.spec.fits,3.67055,no
nexus-obs3-v4_prism-clear_5105_23192.spec.fits,4.52104729497047,no
nexus-obs5-v4_prism-clear_5105_20152.spec.fits,2.86932,no
nexus-obs5-v4_prism-clear_5105_2314.spec.fits,4.42207,no
nexus-obs5-v4_prism-clear_5105_3713.spec.fits,3.21512,no
nexus-obs5-v4_prism-clear_5105_7712.spec.fits,5.86941,no
rubies-egs51-v4_prism-clear_4233_926125.spec.fits,5.2878757,yes
rubies-egs51-v4_prism-clear_4233_927271.spec.fits,6.788556,yes
rubies-egs52-v4_prism-clear_4233_29489.spec.fits,4.542522,yes
rubies-egs52-v4_prism-clear_4233_37124.spec.fits,5.68516,yes
rubies-egs53-v4_prism-clear_4233_42046.spec.fits,5.2845182,yes
rubies-egs61-v4_prism-clear_4233_55604.spec.fits,6.988607,yes
rubies-egs61-v4_prism-clear_4233_61496.spec.fits,5.083718,yes
rubies-egs61-v4_prism-clear_4233_952625.spec.fits,5.1085505,yes
rubies-egs62-v4_prism-clear_4233_42232.spec.fits,4.9565415,yes
rubies-egs62-v4_prism-clear_4233_948917.spec.fits,6.7316566,yes
rubies-egs63-v4_prism-clear_4233_28812.spec.fits,4.228986,yes
rubies-egs63-v4_prism-clear_4233_38434.spec.fits,2.8590343,yes
rubies-egs63-v4_prism-clear_4233_42232.spec.fits,4.954755,yes
rubies-egs63-v4_prism-clear_4233_42803.spec.fits,7.1516957,yes
rubies-egs63-v4_prism-clear_4233_49140.spec.fits,6.6877327,yes
rubies-uds1-v4_prism-clear_4233_11917.spec.fits,2.5857115,yes
rubies-uds1-v4_prism-clear_4233_31747.spec.fits,4.129401,yes
rubies-uds1-v4_prism-clear_4233_40579.spec.fits,3.113558,yes
rubies-uds1-v4_prism-clear_4233_928474.spec.fits,6.929497,yes
rubies-uds21-v4_prism-clear_4233_175975.spec.fits,2.9519691,yes
rubies-uds21-v4_prism-clear_4233_182791.spec.fits,4.717405,yes
rubies-uds22-v4_prism-clear_4233_119957.spec.fits,4.151636,yes
rubies-uds22-v4_prism-clear_4233_139709.spec.fits,5.68399,yes
rubies-uds23-v4_prism-clear_4233_144195.spec.fits,3.3547552,yes
rubies-uds23-v4_prism-clear_4233_167741.spec.fits,4.1157036,yes
rubies-uds23-v4_prism-clear_4233_172350.spec.fits,5.5864534,yes
rubies-uds23-v4_prism-clear_4233_981721.spec.fits,7.206081,yes
rubies-uds3-v4_prism-clear_4233_47509.spec.fits,5.671981,yes
rubies-uds3-v4_prism-clear_4233_50716.spec.fits,6.170604,yes
rubies-uds31-v4_prism-clear_4233_154183.spec.fits,3.548925327627479,yes
rubies-uds31-v4_prism-clear_4233_981721.spec.fits,7.1974497,yes
rubies-uds33-v4_prism-clear_4233_29813.spec.fits,5.442071,yes
rubies-uds33-v4_prism-clear_4233_53692.spec.fits,5.2792883,no
rubies-uds42-v4_prism-clear_4233_23438.spec.fits,3.6860464,yes
rubies-uds42-v4_prism-clear_4233_807469.spec.fits,6.7795324,yes
rubies-uds43-v4_prism-clear_4233_40800.spec.fits,4.982409,yes
rubies-uds43-v4_prism-clear_4233_848745.spec.fits,7.1175017,yes
rxj2129-ddt-v4_prism-clear_2767_11024.spec.fits,4.2948875,no
uncover-61-v4_prism-clear_2561_20698.spec.fits,2.417316,no
uncover-61-v4_prism-clear_2561_21547.spec.fits,5.0578914,no
uncover-61-v4_prism-clear_2561_24968.spec.fits,6.3467827,no
uncover-61-v4_prism-clear_2561_27114.spec.fits,5.1957436,no
uncover-62-v4_prism-clear_2561_24175.spec.fits,7.0356536,no
uncover-62-v4_prism-clear_2561_58453.spec.fits,4.471244,no
uncover-v4_prism-clear_2561_13123.spec.fits,7.0370483,no
uncover-v4_prism-clear_2561_15383.spec.fits,7.037048,no
uncover-v4_prism-clear_2561_16594.spec.fits,7.0346375,no
uncover-v4_prism-clear_2561_20466.spec.fits,8.509481,no
uncover-v4_prism-clear_2561_28876.spec.fits,7.0362444,no
uncover-v4_prism-clear_2561_38108.spec.fits,4.968462,no
uncover-v4_prism-clear_2561_4286.spec.fits,5.8352246,no
uncover-v4_prism-clear_2561_45924.spec.fits,4.463361263885918,no
uncover-v4_prism-clear_2561_49702.spec.fits,4.866683,no
