pid,srcid,root,file,ra,dec,zspec,Balmer_dec_total_0,Balmer_dec_total_1,Balmer_dec_total_2,Balmer_dec_total_3,Balmer_dec_total_4,LHa_total_0,LHa_total_1,LHa_total_2,LHa_total_3,LHa_total_4,LOIII_5007_0,LOIII_5007_1,LOIII_5007_2,LOIII_5007_3,LOIII_5007_4,logL_5100_0,logL_5100_1,logL_5100_2,logL_5100_3,logL_5100_4,LHb_total_2,LOIII/LHb,z,normalized,norm_factor,norm_error,median_flux_1500A,window_at_1500A,points_within_window1500A,median_flux_1900A,window_at_1900A,points_within_window1900A,median_flux_5500A,window_at_5500A,points_within_window5500A
6368,43711,capers-cos07-v4,capers-cos07-v4_prism-clear_6368_43711.spec.fits,150.1026261,2.2495968,4.42044,7.660733076365826,7.854380995259743,8.131769834094708,8.423320419202875,8.642883778788462,5.66830064134521e+42,5.704229658977337e+42,5.758590499288213e+42,5.815785615441006e+42,5.851864858340178e+42,4.0002635530672675e+42,4.019672211461111e+42,4.0561318705932496e+42,4.091591051727796e+42,4.115029311538609e+42,43.48106176765533,43.48370777397621,43.48831985957088,43.49231513784574,43.49498795560191,7.081595540424324e+41,5.727709027491577,4.42044,True,2.6962743125157868e-20,,3.312190922058724,300.0,19.0,2.6001503399715604,300.0,12.0,1.3108924961988822,200.00000000000017,8.0
6368,119334,capers-cos10-v4,capers-cos10-v4_prism-clear_6368_119334.spec.fits,150.13625319999,2.3080298,9.294025001594942,,,,,,,,,,,2.4763708865101272e+41,3.258824925463548e+41,4.353137437411636e+41,5.529166885967715e+41,6.301913828284637e+41,44.03254651833487,44.04842437930734,44.06506603171468,44.08164610437172,44.0933605421315,,,9.294025001594942,True,5.2924616223642355e-21,,2.78592598482968,300.0,16.0,2.629840494868307,300.0,17.0,,200.00000000000017,0.0
6368,30440,capers-cos10-v4,capers-cos10-v4_prism-clear_6368_30440.spec.fits,150.1209104,2.3179337,3.5045,7.001882235219924,7.3472972254615065,7.822454902357007,8.356926405697761,8.722396543598226,2.825815575203104e+42,2.852278164354228e+42,2.897210615561076e+42,2.936573111401152e+42,2.959783716991724e+42,1.940875161317002e+42,1.9639814756474676e+42,1.9903812534818632e+42,2.024246881070516e+42,2.0406350659382962e+42,42.75664665598025,42.76665980237488,42.78242138665142,42.80223514626411,42.82911434103221,3.703710218499449e+41,5.374019931527641,3.5045,True,2.0367658176287792e-20,,3.6531277253645618,300.0,25.0,2.3976963668386477,300.0,14.0,0.63867922500396,200.00000000000017,6.0
6368,32659,capers-cos10-v4,capers-cos10-v4_prism-clear_6368_32659.spec.fits,150.124025,2.3068265,4.44217,3.2114962852816817,3.408269477703654,3.710558108309424,4.025521026235012,4.282236231375097,7.447689570836648e+41,7.63128928273017e+41,7.921145353590334e+41,8.178680588265704e+41,8.344852544583678e+41,5.652777235621399e+41,5.749387596932176e+41,5.919180889910237e+41,6.089186776293459e+41,6.2202638804816144e+41,42.80685561639068,42.823929820141274,42.844623883527134,42.867724408277,42.88772678806035,2.134758470929675e+41,2.772763743774942,4.44217,True,5.62749790700307e-21,,5.166088882894242,300.0,19.0,4.510371591574829,300.0,11.0,1.3316734493918676,200.00000000000017,8.0
6368,9226,capers-cos19-v4,capers-cos19-v4_prism-clear_6368_9226.spec.fits,150.175938,2.4324301,3.7241027,10.322534738121645,10.786400062828235,11.570908900921902,12.370488198090635,13.004778439061807,1.1980861568711247e+43,1.2096595297854543e+43,1.2280809568958632e+43,1.2470750748435775e+43,1.259925460672838e+43,6.22217015843369e+42,6.279175523426207e+42,6.369545441465745e+42,6.459205795862366e+42,6.515543029281041e+42,43.59521005468707,43.599419421288054,43.605355503008,43.611473236747344,43.615555929982484,1.061352195762268e+42,6.001349473716506,3.7241027,True,6.923923315197775e-20,,3.2443936777535125,300.0,23.0,2.2461340075030485,300.0,13.0,0.8625794995889201,200.00000000000017,6.0
6368,19300,capers-egs47-v4,capers-egs47-v4_prism-clear_6368_19300.spec.fits,215.0220704,52.9207862,4.5332627,10.096179793628126,10.508444747825136,11.355897640028996,12.225434968117256,12.91106761959276,5.979156866137646e+42,6.029227738206074e+42,6.089302094570052e+42,6.152467561295497e+42,6.191093920731658e+42,7.72019006462845e+41,7.88232956630227e+41,8.138622093351479e+41,8.404580065881338e+41,8.576069799632026e+41,43.313951739135085,43.317367159377106,43.32191877350218,43.32717723494545,43.33097256651771,5.362237568173874e+41,1.517766042604321,4.5332627,True,1.4683694269280342e-20,,4.691114520818946,300.0,18.0,3.2088322303980013,300.0,11.0,1.4145215469399015,200.00000000000017,9.0
6368,212932,capers-egs47-v4,capers-egs47-v4_prism-clear_6368_212932.spec.fits,215.0096746,52.9285058,2.28602,5.791849099205031,6.362613284703692,7.532162476641742,9.039626465224863,10.222037697362358,1.2215250385506488e+42,1.2370143916625013e+42,1.2635169262684281e+42,1.2844246910776628e+42,1.3049745105942002e+42,6.0404720596083305e+41,6.186185718913675e+41,6.410460120337629e+41,6.6504248728456034e+41,6.846380185239423e+41,42.622699033098236,42.6309051201284,42.64145373875038,42.65187109077896,42.65920108712754,1.6774955800366303e+41,3.8214468023800383,2.28602,True,3.152960240821557e-20,,,300.0,1.0,1.803709608713504,300.0,22.0,0.7622833457099554,200.00000000000017,3.0
6368,11585,capers-egs49-v4,capers-egs49-v4_prism-clear_6368_11585.spec.fits,214.8922488,52.8774032,6.6958222,7.556281231759426,7.7331021467191885,8.031413891928928,8.327021539475247,8.53457707140309,4.689614575369579e+43,4.710010533177276e+43,4.743478646816098e+43,4.779119250188517e+43,4.799995369237483e+43,4.93946192903983e+42,5.045886030437826e+42,5.2114088169785484e+42,5.358105229202519e+42,5.4924225434490527e+42,44.33517641710222,44.33684691459608,44.33874260752753,44.340633995303605,44.34196921342834,5.906156388706352e+42,0.8823689171088853,6.6958222,True,2.6272340061599172e-20,,1.8852621034947687,300.0,14.0,1.7661642368677664,300.0,12.0,3.208067191490764,200.00000000000017,17.0
6368,8752,capers-egs49-v4,capers-egs49-v4_prism-clear_6368_8752.spec.fits,214.8761374,52.880826,8.357495,,,,,,,,,,,4.419542219835844e+42,4.4779388415464805e+42,4.553093699574317e+42,4.613170262422976e+42,4.666487410476545e+42,43.99112987876075,43.994951822682054,44.000934995604425,44.00497733041942,44.008192384099786,,,8.357495,True,1.4680116691136502e-20,,3.554065632825458,300.0,15.0,2.763696383869777,300.0,14.0,1.412826849531324,200.00000000000017,25.0
6368,10108,capers-egs53-v4,capers-egs53-v4_prism-clear_6368_10108.spec.fits,214.7975318,52.818752,6.6230583,6.756771964745928,7.018336160371637,7.612188626447633,8.124736601467905,8.523629364610356,5.659730174401883e+42,5.722281808140495e+42,5.838708975799153e+42,5.939922943531466e+42,6.010279043988771e+42,2.1989483432592768e+42,2.2297860847757886e+42,2.278031209562754e+42,2.3278094905970886e+42,2.359834413782085e+42,43.522163138685286,43.52887026939883,43.537129235072904,43.5446383051363,43.54989338777768,7.670210582424695e+41,2.96997218666013,6.6230583,True,1.4367038637970747e-20,,3.7989490991749646,300.0,15.0,2.6596993671675206,300.0,12.0,0.9044703424483278,200.00000000000017,17.0
6368,23961,capers-egs61-v4,capers-egs61-v4_prism-clear_6368_23961.spec.fits,214.8996993,52.81284,5.00191,9.323715522137313,10.212645751388955,12.017115209131902,14.337911228969485,15.743964637897362,2.625576939543932e+42,2.659713873709188e+42,2.7133394624384078e+42,2.770134264298953e+42,2.8021432720454625e+42,4.379444640316465e+41,4.573695396616383e+41,4.86482319733884e+41,5.148686532857001e+41,5.373532692811056e+41,43.44832531643191,43.45314992549638,43.46080811306833,43.46835356956037,43.47413726005349,2.2578958553850923e+41,2.1545826330901017,5.00191,True,9.800409977594502e-21,,2.026999540442956,300.0,17.0,1.6470048015394605,300.0,11.0,2.4702486407798383,200.00000000000017,10.0
6368,14197,capers-egs65-v4,capers-egs65-v4_prism-clear_6368_14197.spec.fits,214.9295105,52.8879118,7.152932,14.072253201720425,14.82462770774874,16.0970869376235,17.553793643053247,18.67195051527516,8.073519568383674e+42,8.18831598660084e+42,8.331472524282024e+42,8.49454229759704e+42,8.590101396672834e+42,6.952118119317321e+41,7.111629702295232e+41,7.414617775078934e+41,7.747014739439984e+41,7.95682372775114e+41,43.61321258576978,43.61912925699469,43.625878607712245,43.63258826684966,43.63668280650536,5.175764134570825e+41,1.4325648507732385,7.152932,True,2.8066835996815896e-21,,5.467309676706019,300.0,14.0,3.587091010979708,300.0,12.0,5.36524622940668,200.00000000000017,19.0
6368,19799,capers-egs65-v4,capers-egs65-v4_prism-clear_6368_19799.spec.fits,214.9241459,52.8490471,4.2235518,8.751063743405327,9.377635795172969,10.455018039638581,11.999495057906943,12.984115597164502,6.175606908104137e+42,6.246848755636564e+42,6.342542966596262e+42,6.436925161454344e+42,6.487002098138462e+42,1.418447449636754e+42,1.4526406864530077e+42,1.505925591644094e+42,1.5642350846910236e+42,1.5937909465386733e+42,43.6661307778308,43.668717255154895,43.673089473914274,43.6772199107971,43.68059442123099,6.066505999845713e+41,2.4823606729844054,4.2235518,True,1.8498567538480022e-20,,1.8498951654804596,300.0,19.0,1.875992196510428,300.0,12.0,3.0347091788869847,200.00000000000017,8.0
6368,23419,capers-udsp1-v4,capers-udsp1-v4_prism-clear_6368_23419.spec.fits,34.47110735198,-5.19045542709,5.5160136,8.692544889711925,8.798963294852227,9.09163499279163,9.380625418135045,9.62761298663667,2.0072924554563539e+43,2.0158614847093063e+43,2.0312369851999155e+43,2.0469747786444452e+43,2.0574113877139572e+43,3.6176497922551327e+42,3.648869248752188e+42,3.7046849387113416e+42,3.759868670963247e+42,3.7899271109104476e+42,43.839658150268384,43.84184156750591,43.84605659553506,43.84949057393715,43.85207837259541,2.2341822860358965e+42,1.6581838294334317,5.5160136,True,2.864203464287083e-20,,4.24245404015867,300.0,16.0,2.4115189756616413,300.0,11.0,1.415120179548532,200.00000000000017,12.0
6368,10997,capers-udsp2-v4,capers-udsp2-v4_prism-clear_6368_10997.spec.fits,34.42429664076,-5.13650668741,5.1536555,6.976694938137894,7.43017513312031,8.301963545649006,9.40439769444388,10.277031679652024,4.753248505076522e+42,4.804686138752386e+42,4.8916310506850556e+42,4.976235919765972e+42,5.035829847288003e+42,1.8942123689540622e+42,1.9300070464695587e+42,1.998492546095732e+42,2.064150493763943e+42,2.1177769006687798e+42,43.69239287198174,43.696142382311585,43.70142518261946,43.707339553974556,43.711151629614456,5.892137473006276e+41,3.3917955160609394,5.1536555,True,9.764472122597557e-21,,1.3036599792054837,300.0,16.0,0.8440481967233644,300.0,11.0,3.718830445061405,200.00000000000017,10.0
6368,15322,capers-udsp2-v4,capers-udsp2-v4_prism-clear_6368_15322.spec.fits,34.41984008243,-5.15422815894,3.70188,6.3763829459996915,6.6088790493265295,7.04272538634865,7.577189556475246,8.007973302574769,6.086459333289427e+42,6.138093673038493e+42,6.215510832044085e+42,6.301987538631942e+42,6.347729382358252e+42,1.59147586344669e+42,1.6113106388461264e+42,1.655319559717397e+42,1.6972088425323717e+42,1.7259344771055436e+42,43.568084517093205,43.57025165282062,43.57376983537519,43.5773231575277,43.57921609374864,8.825434034517367e+41,1.875623967323575,3.70188,True,3.0622918906731705e-20,,2.5456652564017546,300.0,23.0,2.020014195793121,300.0,13.0,1.9420648604807207,200.00000000000017,6.0
2750,1768,ceers-ddt-v4,ceers-ddt-v4_prism-clear_2750_1768.spec.fits,214.9257594,52.94566150000001,5.0884247,7.986403078878667,8.556111435302071,9.53582575892715,10.74123060729019,11.630754888953811,2.5242904979002464e+42,2.543009299552104e+42,2.5797021485638908e+42,2.6142032570604823e+42,2.6370146317715647e+42,4.913309003744424e+41,5.031401706547729e+41,5.256338803906942e+41,5.466595865034247e+41,5.599324550471137e+41,43.08165900039997,43.0894348814123,43.10214798132198,43.11335725265518,43.1183589532391,2.7052739991068442e+41,1.9429968297637654,5.0884247,True,4.6473782716726276e-21,,3.886191231883195,300.0,17.0,2.901885781595393,300.0,11.0,2.244480979867288,200.00000000000017,10.0
1345,80457,ceers-v4,ceers-v4_prism-clear_1345_80457.spec.fits,214.9241254,52.8490467,4.2225738,14.75019793575045,16.546435119188548,21.38442632460388,30.125422902868614,40.3470455007878,2.8333523651365893e+42,2.8698513553346505e+42,2.938140822408979e+42,3.009289239873063e+42,3.048292072385861e+42,2.9536995163716947e+41,3.1964694621175144e+41,3.5406962310803005e+41,3.8981841762543954e+41,4.13006060337919e+41,43.34895565311893,43.35492646384612,43.36266549354345,43.37223807652979,43.376868030503104,1.3739628914096692e+41,2.57699553111481,4.2225738,True,7.81090441009165e-21,,1.3355815801408255,300.0,19.0,1.8750712579466884,300.0,12.0,3.9518115066374895,200.00000000000017,8.0
6585,58018,cosmos-transients-v4,cosmos-transients-v4_prism-clear_6585_58018.spec.fits,150.1444426,2.344392782,3.9262767,8.59547136157042,8.924365794952404,9.391761361178165,9.928715736434912,10.242661846881381,8.558517732389386e+42,8.618845402451712e+42,8.698563568323492e+42,8.77958901671453e+42,8.85004848798762e+42,3.1545009817532713e+42,3.1861611217047184e+42,3.225381706442374e+42,3.26612704346424e+42,3.289548993784164e+42,43.736958524635476,43.73855206860347,43.74110734878241,43.74356903115516,43.74534404498922,9.261908638649956e+41,3.4824158089649604,3.9262767,True,4.987891848552556e-20,,5.327684902530208,300.0,21.0,3.854823599516575,300.0,13.0,1.5531296984852272,200.00000000000017,7.0
6585,61234,cosmos-transients-v4,cosmos-transients-v4_prism-clear_6585_61234.spec.fits,150.1069005,2.360046093,7.003398,9.376874526447985,9.669648849689317,10.039756442415356,10.422377658116107,10.760786365392189,1.602093834592788e+43,1.6131214353060866e+43,1.6297898434177046e+43,1.6460668069356097e+43,1.6546495729713657e+43,3.41548693618472e+42,3.4486937921101566e+42,3.499651512595654e+42,3.550587599578558e+42,3.58374596460883e+42,43.88698998199495,43.889629611138716,43.89371809805111,43.89864851343586,43.90212932378007,1.6233360368507218e+42,2.155839230542181,7.003398,True,1.5538306376273663e-20,,3.644785994808576,300.0,14.0,2.5567316010411862,300.0,13.0,1.6494735090515769,200.00000000000017,18.0
4106,47962,egs-nelsonx-v4,egs-nelsonx-v4_prism-clear_4106_47962.spec.fits,214.89247923152962,52.856891201371695,6.7285585,3.76273681321541,3.8223103636177638,3.919352610751379,4.036434501778978,4.0985733181772765,8.851696796504896e+42,8.903685295422358e+42,8.992418344555888e+42,9.078312324279494e+42,9.141879742712005e+42,6.138036084620853e+42,6.171751582478449e+42,6.226080992676908e+42,6.278190350090222e+42,6.310314545308595e+42,43.738749731215826,43.74334878226152,43.75047778605335,43.75649429473082,43.760431586372505,2.2943631863814244e+42,2.713642299367794,6.7285585,True,1.9241686157443143e-20,,4.114227500421539,300.0,15.0,2.646570797442851,300.0,12.0,1.0701191791045588,200.00000000000017,17.0
4106,51623,egs-nelsonx-v4,egs-nelsonx-v4_prism-clear_4106_51623.spec.fits,214.88681836821235,52.85538915206524,4.9589176,12.194659114703681,12.548054218093405,13.118478224146937,13.700723204322026,14.236130176200254,7.227791360798106e+42,7.253762913917525e+42,7.305143487995935e+42,7.355410987462748e+42,7.384398831133151e+42,5.462350041559013e+41,5.572644782328304e+41,5.745850498691021e+41,5.9088749666804976e+41,6.016302868769563e+41,43.60061544912425,43.603954939597436,43.60866589109284,43.61240767158261,43.61577460666712,5.5685906270359115e+41,1.031832088858265,4.9589176,True,1.3479319402557546e-20,,2.686791534105689,300.0,17.0,2.1088737242422506,300.0,11.0,2.4113298789419035,200.00000000000017,10.0
4106,57146,egs-nelsonx-v4,egs-nelsonx-v4_prism-clear_4106_57146.spec.fits,214.89224643206325,52.87740951028522,6.686174,13.359813706580121,13.854293675719934,14.868699354891902,16.113110433672105,16.830441723024588,1.9406166337284678e+43,1.9593132922878397e+43,1.9831328224542733e+43,2.0074513932755642e+43,2.0250167223056734e+43,1.3179269097297645e+42,1.3557262954554515e+42,1.414501698140729e+42,1.484999265833728e+42,1.5169584645169318e+42,43.782220203720705,43.788835371693565,43.80071283055263,43.81182309195362,43.81756746697124,1.3337634820101526e+42,1.060534133089994,6.686174,True,6.7356796021185554e-21,,1.1448226648178754,300.0,14.0,2.3474500960565443,300.0,12.0,4.164093476406462,200.00000000000017,17.0
4106,71365,egs-nelsonx-v4,egs-nelsonx-v4_prism-clear_4106_71365.spec.fits,214.89554496265416,52.906722346257695,4.8042393,4.981863279205373,5.122078896110537,5.3575050654054674,5.681767941984816,5.89231892975669,1.2658088722039768e+42,1.2764644016350114e+42,1.297396544906505e+42,1.3178347997981765e+42,1.3316479543920405e+42,1.3139608306924029e+42,1.3215041365269753e+42,1.336573038546249e+42,1.3524436071085507e+42,1.3603841759986035e+42,43.05237263925658,43.05889291415747,43.07204623665526,43.08467803557698,43.093039153068325,2.4216431511825647e+41,5.519281558447446,4.8042393,True,1.04574532883437e-20,,2.651957420383696,300.0,17.0,2.370764548562044,300.0,12.0,1.0181582156083375,200.00000000000017,10.0
2198,12577,gds-barrufet-s67-v4,gds-barrufet-s67-v4_prism-clear_2198_12577.spec.fits,53.04845483406177,-27.815140914271183,5.2363167,8.07140601688986,8.68266059011225,9.448507582967013,10.319291912782736,10.88993295147629,5.106759195782881e+42,5.16668199827285e+42,5.265917733572909e+42,5.3774142002395893e+42,5.433668896831353e+42,2.3226079005994927e+42,2.350635603731903e+42,2.397243940863666e+42,2.4537568081952177e+42,2.4871607279960463e+42,43.26748791884091,43.27838056497274,43.29504844781866,43.312388225740236,43.321670098751156,5.573279893499657e+41,4.301316256625958,5.2363167,True,1.2115713084068727e-20,,1.0900872176082066,300.0,16.0,2.1504952367312296,300.0,11.0,1.2019533791176362,200.00000000000017,11.0
2198,4490,gds-barrufet-s67-v4,gds-barrufet-s67-v4_prism-clear_2198_4490.spec.fits,53.04104388107105,-27.854484200572188,3.705768,4.638893266920429,5.148075958042364,5.7897934568455796,6.6519972761234785,7.27180818343716,2.4430218776010712e+42,2.4894122674967952e+42,2.5622048709934653e+42,2.649791567926258e+42,2.6934821573069394e+42,1.621251067706455e+42,1.6645154219882568e+42,1.727559439419102e+42,1.7879340694225983e+42,1.8283791423159066e+42,43.374686922290856,43.38091547950699,43.39021007743761,43.39933572232524,43.40502188150091,4.4253821662049705e+41,3.9037519801382206,3.705768,True,2.0596007372737083e-20,,6.264741389261576,300.0,23.0,3.841866571044688,300.0,14.0,1.9552876183674572,200.00000000000017,7.0
2198,4820,gds-barrufet-s67-v4,gds-barrufet-s67-v4_prism-clear_2198_4820.spec.fits,53.03489112095898,-27.852193031739205,3.7993941,6.1440553895056516,6.760258787414889,7.501587723297829,8.377910764129641,9.163112401129894,3.0117461453713976e+42,3.0476498428717374e+42,3.100984408057808e+42,3.157413465529055e+42,3.1915837178030853e+42,1.850077950691738e+42,1.873738155521754e+42,1.9139729938367256e+42,1.9599913014930574e+42,1.988485819203504e+42,43.331796107737645,43.33867176025956,43.35073351326827,43.35935854620201,43.36606476222535,4.133770772855218e+41,4.630089811474317,3.7993941,True,3.122288930670045e-20,,3.204512155655633,300.0,22.0,2.3352095162798614,300.0,13.0,1.1103997197467872,200.00000000000017,6.0
1213,2974,gto-wide-egs1-v4,gto-wide-egs1-v4_prism-clear_1213_2974.spec.fits,215.1267455801594,53.048364968441895,2.3187494,3.6382192309270414,3.84631832841674,4.211836256003945,4.654048513764049,4.951860810307968,1.1761007062985217e+42,1.1934155704746434e+42,1.2215234687949838e+42,1.2489668388646764e+42,1.270893297109993e+42,7.67688873630711e+41,7.821661882352498e+41,8.061860354238567e+41,8.345675177271379e+41,8.508721402421792e+41,42.84733759235817,42.854672528908466,42.8653376543195,42.87750553811288,42.88486969450009,2.900215949881029e+41,2.7797448512650504,2.3187494,True,4.605591424450025e-20,,,300.0,3.0,3.884937558817354,300.0,22.0,0.9039159471051612,200.00000000000017,3.0
1215,4994,gto-wide-uds11-v4,gto-wide-uds11-v4_prism-clear_1215_4994.spec.fits,34.47112874024486,-5.1904328793177115,5.5147057,8.592776948103806,8.739576558384726,8.99789764593088,9.26021898033101,9.450198717595272,1.7964688847298385e+43,1.8087476392896172e+43,1.8259709798523167e+43,1.8459528399199069e+43,1.8580577464167676e+43,3.370384618159764e+42,3.408071584021315e+42,3.4587928368550693e+42,3.507094539200381e+42,3.5442956665356115e+42,43.78726670572416,43.79127900132665,43.79841968087385,43.80622890128636,43.810926491315215,2.029330685571952e+42,1.7044007965021402,5.5147057,True,2.8697851777169524e-20,,3.573231550974295,300.0,15.0,2.618620722041475,300.0,11.0,1.2874424772831277,200.00000000000017,12.0
1215,4273,gto-wide-uds13-v4,gto-wide-uds13-v4_prism-clear_1215_4273.spec.fits,34.36349548676344,-5.176980104240556,4.053912,7.456862624376857,8.232304245299545,9.77257781433908,12.08538245485984,13.928678921645123,4.460993864379733e+42,4.5358807602235496e+42,4.636902617980284e+42,4.7530525836761844e+42,4.836019773599082e+42,2.432957510995062e+42,2.4771750947832037e+42,2.5703197205758644e+42,2.6515853325944216e+42,2.70443862302036e+42,43.15642594852234,43.176154460148524,43.20779743787976,43.233015977344685,43.24736344879826,4.7448101269418014e+41,5.4171181813602445,4.053912,True,2.677449627980689e-20,,2.731534078972269,300.0,21.0,1.6763789070152448,300.0,12.0,0.8503258197156781,200.00000000000017,7.0
1215,4446,gto-wide-uds14-v4,gto-wide-uds14-v4_prism-clear_1215_4446.spec.fits,34.27071179140419,-5.217670537157232,4.68347,10.724553797631227,11.051976171218508,11.600440157763199,12.25394644770149,12.749468512834325,2.0353159737476235e+43,2.0498261721438788e+43,2.0670738733888484e+43,2.0860242432960323e+43,2.0987508668789502e+43,5.409680095660526e+42,5.456547989918378e+42,5.53486112103621e+42,5.623612476101398e+42,5.67481407734503e+42,43.827223495706704,43.83074185601569,43.835224410770586,43.839722675173036,43.842863405692476,1.7818926224153054e+42,3.106169839534922,4.68347,True,4.313897721348523e-20,,3.342180129065331,300.0,17.0,2.156842334169584,300.0,11.0,1.3973731572709096,200.00000000000017,9.0
1181,39353,jades-gdn-v4,jades-gdn-v4_prism-clear_1181_39353.spec.fits,189.2939522,62.1530911,4.8533993,3.962929593139358,4.289661941567953,4.779536715705723,5.38722479446372,5.874333007058751,1.625224494804256e+42,1.6555946601185988e+42,1.6999643163775254e+42,1.7499195671582354e+42,1.7860631403666565e+42,9.410528814485626e+41,9.630499679252181e+41,1.0061841949326051e+42,1.0446123298767198e+42,1.0691543556083158e+42,43.10054965881666,43.12182459527332,43.14851654083892,43.16723272667398,43.18090740810435,3.556755429436045e+41,2.8289383818896554,4.8533993,True,1.3310865989748978e-20,,7.041937469701467,300.0,17.0,4.619994628388863,300.0,11.0,1.0299339319392586,200.00000000000017,10.0
1181,53501,jades-gdn-v4,jades-gdn-v4_prism-clear_1181_53501.spec.fits,189.2950564,62.1935722,3.43598,6.716495398354328,6.976234717113225,7.482145137875433,7.960702216369335,8.331121814041229,4.029361583737725e+42,4.066463632301688e+42,4.1190647730049186e+42,4.17293784925683e+42,4.207265981791014e+42,1.9771211922987428e+42,2.0030402297987015e+42,2.0343324161149892e+42,2.0713208594647924e+42,2.0943663319541016e+42,43.19291220836708,43.20202134249745,43.21601079646372,43.22942333371358,43.23697949992592,5.505192290582235e+41,3.695297654897784,3.43598,True,2.7370021740176686e-20,,3.044717121232584,300.0,25.0,2.860197618058095,300.0,14.0,1.2406784127562192,200.00000000000017,5.0
1181,68797,jades-gdn-v4,jades-gdn-v4_prism-clear_1181_68797.spec.fits,189.2291371,62.1461898,5.043335,13.930724937852093,14.096741602983451,14.358347566491634,14.621584079760888,14.856827833363505,5.880498118659574e+43,5.906172977117407e+43,5.942586394420296e+43,5.986480699129398e+43,6.014361377630298e+43,9.657661907509161e+42,9.688256314712956e+42,9.766356256887894e+42,9.83563621817748e+42,9.88074977391477e+42,44.18721601273556,44.18904800969214,44.19168514240957,44.19489290361439,44.19713882210954,4.1387676171655224e+42,2.3597256865502594,5.043335,True,3.6295139252466985e-20,,2.3602652696625315,300.0,16.0,2.396398398292246,300.0,11.0,3.723586242939167,200.00000000000017,10.0
1181,73488,jades-gdn09-v4,jades-gdn09-v4_prism-clear_1181_73488.spec.fits,189.1973959,62.1772331,4.130943,9.473989856808476,9.61046726188569,9.883077350864092,10.200494718156216,10.411139952060486,5.414656437907227e+42,5.436591072563218e+42,5.475153767390892e+42,5.50712003609911e+42,5.52952651108774e+42,1.9384990261733063e+42,1.9466187581843684e+42,1.9636794708523075e+42,1.9772198985742983e+42,1.9850972234859696e+42,43.29760228033503,43.30108100326008,43.30623077358301,43.3115025751629,43.31453983535978,5.539928074034746e+41,3.5445938008761075,4.130943,True,2.329416861404108e-20,,4.407568266069402,300.0,20.0,3.0911325870789588,300.0,12.0,1.035766558477496,200.00000000000017,8.0
1181,39353,jades-gdn198-v4,jades-gdn198-v4_prism-clear_1181_39353.spec.fits,189.2939522,62.1530911,4.85197,3.531511215478181,3.926683622928248,4.47848790170208,5.1000271091900755,5.655176690171428,1.683504722687844e+42,1.7184976397934727e+42,1.7965623006756576e+42,1.927029849943929e+42,2.0074752780767925e+42,1.2071099772357503e+42,1.247821376852874e+42,1.306251568581743e+42,1.3839881289126525e+42,1.4326627762938553e+42,43.133917123612285,43.148026751002355,43.16874000419823,43.18376789751996,43.19914736602955,4.0115376888544495e+41,3.256236560386801,4.85197,True,1.888816702505869e-20,,4.7408316378670445,300.0,17.0,2.7683617233183324,300.0,11.0,0.7621466943256274,200.00000000000017,10.0
1181,53501,jades-gdn198-v4,jades-gdn198-v4_prism-clear_1181_53501.spec.fits,189.2950564,62.1935722,3.43611,7.1336557082468355,7.319232821366429,7.636394229218211,8.007037223618111,8.223296931900386,5.522201060269502e+42,5.554950098564985e+42,5.601127840441632e+42,5.650190275788615e+42,5.682729812801523e+42,2.6312385372069977e+42,2.6464695604445676e+42,2.6802689894449464e+42,2.7122475872203e+42,2.733670109452654e+42,43.29986523643543,43.3082773749884,43.31915778554034,43.33070514538191,43.33775087812231,7.334780882593403e+41,3.654190946324858,3.43611,True,3.614996764564889e-20,,3.58449198708752,300.0,25.0,2.1888121933407363,300.0,14.0,1.0373958779722965,200.00000000000017,5.0
1181,68797,jades-gdn198-v4,jades-gdn198-v4_prism-clear_1181_68797.spec.fits,189.2291371,62.1461898,5.0410485,14.99810488836949,15.160131209907744,15.432264769145974,15.698801243327528,15.870193437914576,6.679337751738923e+43,6.707952786136162e+43,6.747983243141166e+43,6.789667454260155e+43,6.821903572429084e+43,1.0060762016111662e+43,1.0102251390278429e+43,1.0166889381680182e+43,1.0242655765099495e+43,1.0276425888354918e+43,44.23262562599395,44.2338937931397,44.23576498959771,44.23795403074792,44.23907093816096,4.372646104823538e+42,2.3251114171953953,5.0410485,True,4.1703457263574247e-20,,1.983772720983379,300.0,16.0,1.4652167000552794,300.0,11.0,3.5515465291126285,200.00000000000017,10.0
1181,28074,jades-gdn2-v4,jades-gdn2-v4_prism-clear_1181_28074.spec.fits,189.0645893,62.2738154,2.2734878,8.86576743088595,8.9804831684229,9.116279987799906,9.280394356564528,9.404858946835292,2.0629154333363375e+43,2.0733973993711115e+43,2.0889454460127598e+43,2.1039330791283402e+43,2.1123252999954778e+43,6.277212316805395e+42,6.304963165769363e+42,6.354835889624774e+42,6.40114695247666e+42,6.43290536009959e+42,44.042328764074114,44.04295512450294,44.04390632461664,44.04470098788999,44.0452188697183,2.2914450289025175e+42,2.773287514851887,2.2734878,True,3.125422581179896e-19,,,300.0,1.0,2.398472133184381,300.0,22.0,1.854951602272409,200.00000000000017,4.0
1212,98,jades-gds-w09-v4,jades-gds-w09-v4_prism-clear_1212_2993.spec.fits,53.088974949978294,-27.73819748445515,4.8245463,9.442618349539297,9.962840851567744,10.946812707379165,12.28198601149664,13.308608593901306,8.338544439441018e+42,8.416939061801329e+42,8.520131891405889e+42,8.620106615465504e+42,8.679632199870584e+42,1.1461535685047209e+41,1.3940261030805182e+41,1.8026304997706035e+41,2.324567511408038e+41,2.663204528908142e+41,43.74251005933275,43.74778410030047,43.75593026831863,43.76245443488103,43.76547672407267,7.78320787900439e+41,0.23160508209388747,4.8245463,True,1.4959987260025823e-20,,2.0736244481133563,300.0,17.0,1.710856230867804,300.0,11.0,3.1616407762515317,200.00000000000017,10.0
1180,12402,jades-gds-wide-v4,jades-gds-wide-v4_prism-clear_1180_12402.spec.fits,53.1326687,-27.765481799999975,3.1927059,9.743720826656174,10.293150657810171,11.126516419500113,12.142176069133315,12.891761623272048,3.8033016735419696e+42,3.839531489168077e+42,3.900041830651234e+42,3.954049382280489e+42,3.989610535032304e+42,4.070059982149157e+41,4.16750533583144e+41,4.3191146463481935e+41,4.466607803831994e+41,4.578855511397682e+41,43.615515626834885,43.61768899214592,43.62215860971485,43.625746609468166,43.62816341765979,3.505177796543847e+41,1.2322098612535146,3.1927059,True,2.3420390859388236e-20,,1.0887229058434058,300.0,28.0,2.073190698164408,300.0,15.0,4.149976484103738,200.00000000000017,6.0
1180,13329,jades-gds-wide-v4,jades-gds-wide-v4_prism-clear_1180_13329.spec.fits,53.1390379,-27.784433200000024,3.935016,5.099140950718346,5.369790361724073,5.799169741733349,6.351473924552011,6.710518108423222,1.8929304321105075e+42,1.917317892394062e+42,1.9533845648368587e+42,1.9912511331514273e+42,2.0202714968389604e+42,2.1403823160692846e+42,2.1599200389276388e+42,2.1916294037839045e+42,2.2234511996049986e+42,2.238357589485852e+42,43.2126258340976,43.2207967371427,43.2340629256111,43.24799274427542,43.25620238437041,3.3683865998600683e+41,6.506466341704811,3.935016,True,3.033041652704962e-20,,4.195374875343545,300.0,21.0,2.8631241338032503,300.0,12.0,0.8125649521444298,200.00000000000017,7.0
1286,38562,jades-gds02-v4,jades-gds02-v4_prism-clear_1286_38562.spec.fits,53.1358639,-27.871645,4.8218217,6.303157818293611,6.468489748422244,6.745960384902142,7.076215713611744,7.327173498327741,3.922374895777258e+42,3.943711551176851e+42,3.971150027480516e+42,4.000512234223321e+42,4.021085404536703e+42,3.573186712563081e+42,3.58807609552833e+42,3.616866186813016e+42,3.642765143006345e+42,3.6609390455237396e+42,43.08113626512194,43.09659318076995,43.114253805840335,43.13038414362094,43.14103118458254,5.886708194089286e+41,6.144123451617037,4.8218217,True,2.3459865460837222e-20,,3.849402492569598,300.0,17.0,2.682008104244127,300.0,11.0,0.5111047818949644,200.00000000000017,9.0
1286,204851,jades-gds05-v4,jades-gds05-v4_prism-clear_1286_204851.spec.fits,53.1385932,-27.790253399999987,5.485453,7.263650081512385,7.42833927840722,7.6847061625126045,7.988966866657143,8.188961554015162,6.409070784096963e+42,6.454154414856977e+42,6.524808906756813e+42,6.603557898552472e+42,6.670459233570252e+42,3.6811524580679425e+42,3.70761231359348e+42,3.7390142273585943e+42,3.7677309841496727e+42,3.7822212400442785e+42,43.52438398588568,43.53091667803016,43.541805836842045,43.5512874523338,43.55670596712876,8.49064202166378e+41,4.403688458209097,5.485453,True,1.5193081681214414e-20,,3.590602550741692,300.0,15.0,2.9662051721431557,300.0,11.0,1.4924140127953172,200.00000000000017,11.0
1286,159717,jades-gds06-v4,jades-gds06-v4_prism-clear_1286_159717.spec.fits,53.0975283,-27.90126029999999,5.074387,15.052119721647736,15.771528354297248,16.639771064005473,17.64509197340425,18.42427020620858,1.043962138850584e+43,1.0498836525532783e+43,1.0586115228184468e+43,1.0677041275853132e+43,1.0725278589889982e+43,2.7390822040655678e+42,2.7590263026929822e+42,2.789910689122519e+42,2.816346824153174e+42,2.833476259360242e+42,43.45382673095483,43.45805186182701,43.464181177604445,43.47047865862958,43.473346186395396,6.361935622470164e+41,4.385317385590384,5.074387,True,2.531016551967336e-20,,2.52967445953949,300.0,16.0,1.9476469351509087,300.0,11.0,0.9626115343776692,200.00000000000017,11.0
1208,3104035,macs0416-v4,macs0416-v4_prism-clear_1208_3104035.spec.fits,64.05623768543641,-24.113538261335236,5.006783,5.42403630578895,5.68163119200107,6.0761052605692445,6.5526700920810335,6.925274535936159,2.3014511258766015e+42,2.338769266119767e+42,2.3995439823392316e+42,2.451015096054569e+42,2.4950067393772346e+42,1.544672270438505e+42,1.5637351739556722e+42,1.5975879066158233e+42,1.628573409093679e+42,1.6528300875566726e+42,43.22204766855748,43.23068427769267,43.24666785926812,43.26288234742238,43.27220993694052,3.949148145788423e+41,4.045398773706613,5.006783,True,9.511928860790136e-21,,4.435930049952179,300.0,17.0,2.5026292696378523,300.0,11.0,1.657376136295623,200.00000000000017,10.0
1208,3104219,macs0416-v4,macs0416-v4_prism-clear_1208_3104219.spec.fits,64.06837390046569,-24.112312881470928,6.414142,2.751928845191063,3.035753502443949,3.500697318784223,3.9939631523326034,4.497598552784231,2.3712878969637097e+42,2.4871695303988017e+42,2.6749174209723027e+42,2.9263041279882883e+42,3.105929450153802e+42,2.537504550580201e+42,2.6135236345927724e+42,2.735085413562096e+42,2.857747864416608e+42,2.956066421563203e+42,43.285951761547395,43.31671878095453,43.35808332444978,43.39774325617402,43.4194435115727,7.641098836563482e+41,3.5794399104935235,6.414142,True,1.3126868482838128e-20,,3.790355376220483,300.0,15.0,2.4590182343184743,300.0,11.0,0.8110408509416105,200.00000000000017,16.0
1208,205006,macs0417-v4,macs0417-v4_prism-clear_1208_205006.spec.fits,64.37603805190368,-11.798176835174447,5.621284,2.857435998709887,3.5875542724293585,5.824492303889583,10.826981558190232,18.453074244969116,5.0478244880389295e+41,5.45237219692475e+41,6.096982558365168e+41,6.8104870232641935e+41,7.377630935741483e+41,3.745299871672877e+41,4.097313033637498e+41,4.728703896383441e+41,5.2877703742701515e+41,5.696934891721744e+41,42.67890614039242,42.742928656300926,42.84611992381998,42.93092809461414,42.964155797421846,1.0467835203926042e+41,4.517365629342258,5.621284,True,8.254596993160325e-21,,0.9179768921517026,300.0,15.0,0.9465789738733056,300.0,11.0,0.4997617883684591,200.00000000000017,13.0
1208,4103248,macs1423-v4,macs1423-v4_prism-clear_1208_4103248.spec.fits,215.9612163243114,24.0580239250473,5.774661,8.360564860559947,9.069038706394073,10.170955850992751,11.734505872986885,12.690113813143096,5.433306203266018e+42,5.520582068739592e+42,5.650216411895883e+42,5.785253590578601e+42,5.87026156409187e+42,1.2976700543032833e+42,1.338150621556594e+42,1.4003692903889773e+42,1.4717050827457235e+42,1.5178039607163013e+42,43.57945545085079,43.58673043655207,43.598202886112155,43.60811343993711,43.613511513063706,5.5552462272701595e+41,2.520805078836473,5.774661,True,1.1284814318476728e-20,,4.729304860739699,300.0,15.0,3.4136499007077648,300.0,12.0,2.0247903929062563,200.00000000000017,13.0
1208,4111584,macs1423-v4,macs1423-v4_prism-clear_1208_4111584.spec.fits,215.92962831222565,24.10835152537791,4.0656843,2.757420385647556,3.0642696346928617,3.868951078169064,5.154249871888853,6.553923816875541,5.984845537040923e+41,6.2416031017537576e+41,6.577309630312704e+41,6.956963450355089e+41,7.226032558932517e+41,2.384528640265055e+41,2.6098462398441467e+41,2.966813275123603e+41,3.301996370815434e+41,3.505927779136529e+41,42.52823938521202,42.560162171223546,42.6075026966286,42.64739771765079,42.67615034296915,1.7000239851637873e+41,1.7451596571667005,4.0656843,True,6.626373469723195e-21,,7.754809243316607,300.0,21.0,3.3917120879978597,300.0,12.0,0.8032714179941456,200.00000000000017,7.0
1433,1045,macsj0647-v4,macsj0647-v4_prism-clear_1433_1045.spec.fits,101.933406,70.198268,4.5276384,6.836176822109665,6.9519699817192,7.163151587604165,7.3572661682316935,7.5106702963543635,1.1669112840897565e+43,1.1778573724593355e+43,1.1938210802589739e+43,1.2085727612454387e+43,1.2178098873493869e+43,8.945950105269586e+42,8.988079423918307e+42,9.056782416112324e+42,9.116836992773663e+42,9.167125447082378e+42,43.44230121708999,43.446237741818926,43.454243732816494,43.46226338605328,43.4670519164568,1.6666142907332597e+42,5.434240223709839,4.5276384,True,4.7168133407453736e-20,,2.982986315693888,300.0,18.0,2.13051465430358,300.0,11.0,0.6334832666514131,200.00000000000017,9.0
5105,10835,nexus-obs3-v4,nexus-obs3-v4_prism-clear_5105_10835.spec.fits,268.4376747,65.1674849,4.65012,10.503711719478959,11.217625350227298,12.781883672669863,14.633584857871208,16.275462600814674,1.25077344148612e+43,1.267095547261396e+43,1.2953399469167104e+43,1.3204817212186428e+43,1.3377309207556604e+43,1.3474996407002388e+42,1.4043697249577924e+42,1.503069729815881e+42,1.584931886927334e+42,1.6389104275678685e+42,43.55777887883408,43.566197895796165,43.581210191604065,43.59478124663744,43.6049137033731,1.0134186635467489e+42,1.4831676027708607,4.65012,True,1.1087881395363983e-20,,4.082686414930559,300.0,18.0,3.863498763159128,300.0,12.0,3.017065082148779,200.00000000000017,9.0
5105,10868,nexus-obs3-v4,nexus-obs3-v4_prism-clear_5105_10868.spec.fits,268.4410301,65.167627,4.38856,6.077518754624174,6.760090346050865,8.334149569239141,10.132423318893263,11.627000223984242,3.536225257460353e+42,3.5893814241660265e+42,3.690782222030847e+42,3.8073820023659326e+42,3.8735442611706296e+42,1.5514116570299514e+42,1.5917149238763432e+42,1.6724820801976452e+42,1.7719458608082447e+42,1.825856333356737e+42,43.57245089463173,43.57987162348161,43.59482558559945,43.60750055762034,43.61675775459489,4.4285049018718225e+41,3.776629172276014,4.38856,True,1.0882546243035836e-20,,6.857922309227692,300.0,19.0,2.563982466096291,300.0,11.0,4.322606663794808,200.00000000000017,9.0
5105,21941,nexus-obs3-v4,nexus-obs3-v4_prism-clear_5105_21941.spec.fits,268.5325315,65.2677034,3.67055,7.564397076429225,7.9686153297318265,8.743612934430686,9.741339644045269,10.277876640542186,5.994547369972909e+42,6.084576070014879e+42,6.219595991898512e+42,6.363090802583696e+42,6.458745911050124e+42,2.6597566480414855e+42,2.687508495163026e+42,2.7520093071041996e+42,2.818160236338625e+42,2.861748409233939e+42,43.36174421990676,43.370817387237764,43.385175838467276,43.39795628708558,43.40605356830305,7.113302062362487e+41,3.868821094587674,3.67055,True,3.0417059889675814e-20,,4.49449391443789,300.0,23.0,3.378605639920482,300.0,13.0,1.3375342634976124,200.00000000000017,6.0
5105,23192,nexus-obs3-v4,nexus-obs3-v4_prism-clear_5105_23192.spec.fits,268.522548,65.2626446,4.52104729497047,9.21150578057154,9.660091851986735,10.315363334165752,10.989346226888753,11.51113144736094,5.452936509214032e+43,5.490188496891727e+43,5.54067355460683e+43,5.600199437862933e+43,5.632209233960667e+43,3.6478356926059e+42,3.7965736553925335e+42,4.019578794672493e+42,4.2502235403403524e+42,4.4345572807620377e+42,44.34942907116506,44.35154221779675,44.3549274414324,44.35835551509988,44.36086461310566,5.371282983562428e+42,0.7483461226998254,4.52104729497047,True,5.335451510878216e-20,,3.0169153832021243,300.0,18.0,2.388207284075234,300.0,11.0,4.207538679480679,200.00000000000017,9.0
5105,20152,nexus-obs5-v4,nexus-obs5-v4_prism-clear_5105_20152.spec.fits,268.5259513,65.2276967,2.86932,6.314481784517674,6.616712597793402,7.139870550741727,7.7634640819773955,8.195431360668584,9.096798758738834e+42,9.205744014051681e+42,9.374362171464456e+42,9.535448276322911e+42,9.631846588080681e+42,4.0390768063793376e+42,4.096243611017162e+42,4.212070146699606e+42,4.328132216909149e+42,4.3983858960735064e+42,43.586952111694714,43.592232925867805,43.600358357046716,43.60739856612652,43.61177266961034,1.3129596825100138e+42,3.2080727251634253,2.86932,True,8.059649170597041e-20,,4.255633163246829,300.0,27.0,3.175830153585916,300.0,17.0,1.4222901415950038,200.00000000000017,5.0
5105,2314,nexus-obs5-v4,nexus-obs5-v4_prism-clear_5105_2314.spec.fits,268.5418959,65.1388089,4.42207,15.28078259157869,15.957887204315849,17.448155033620296,19.110373908629576,20.36522538790635,2.7227178229016124e+43,2.7487673047821687e+43,2.784126205800727e+43,2.819427763408535e+43,2.8466034964849365e+43,3.059881522779794e+42,3.12553686099671e+42,3.2158669234935407e+42,3.3024537817388674e+42,3.373618953864878e+42,43.66251510226084,43.668887148228194,43.6771644032281,43.68575409154138,43.692774268492975,1.5956565037599004e+42,2.015387970979896,4.42207,True,1.4801639388751344e-20,,4.747747078944167,300.0,19.0,3.3041054813158377,300.0,12.0,3.408298497909916,200.00000000000017,8.0
5105,3713,nexus-obs5-v4,nexus-obs5-v4_prism-clear_5105_3713.spec.fits,268.4328948,65.1476526,3.21512,9.66084602326271,10.504806728583715,12.45468043684276,15.512624275533852,18.591834843908856,7.234459474832859e+42,7.339517286164461e+42,7.568233778695194e+42,7.786147276131368e+42,7.928258339100124e+42,2.963161589859097e+42,3.0335824191771065e+42,3.173377509104014e+42,3.2872371202663957e+42,3.372806063807445e+42,43.285869561894,43.29919978882104,43.316137952551344,43.338217387358654,43.34746914828619,6.07661819753099e+41,5.222275624282926,3.21512,True,4.837038620901179e-20,,2.264598337542988,300.0,27.0,2.262099315123644,300.0,15.0,1.1370314503318983,200.00000000000017,5.0
5105,7712,nexus-obs5-v4,nexus-obs5-v4_prism-clear_5105_7712.spec.fits,268.5685568,65.1743429,5.86941,10.42748738439901,11.194027177608886,12.406857152456997,13.683923324191044,14.84848524012584,2.4246538440406626e+43,2.4485522546352804e+43,2.486127315244509e+43,2.528575037136914e+43,2.556073893435341e+43,1.2014828586547528e+42,1.2706799796659839e+42,1.3945580363862508e+42,1.5321163018885356e+42,1.6237547125900072e+42,44.24842203074358,44.254034993148174,44.26070803934327,44.26689374377725,44.27193050699981,2.0038332711456807e+42,0.6959451449715275,5.86941,True,2.2698480815058688e-20,,3.065331229357157,300.0,15.0,3.156835369723028,300.0,12.0,4.426403878067998,200.00000000000017,13.0
4233,926125,rubies-egs51-v4,rubies-egs51-v4_prism-clear_4233_926125.spec.fits,215.1370814,52.9885544,5.2878757,8.640419732330765,9.060525234316307,9.740430571614649,10.488547341192806,11.029752444649917,4.6559040594032227e+42,4.7130325200053766e+42,4.797181334277504e+42,4.866189717981251e+42,4.922055042349134e+42,2.0583790204904233e+42,2.085406524961405e+42,2.1197342193267165e+42,2.158629317955676e+42,2.178424744680589e+42,43.22949570123469,43.24152307078508,43.26255857986003,43.28305536249383,43.296094664297826,4.925019791483701e+41,4.30401157573446,5.2878757,True,1.5427224478418463e-20,,2.217967405319353,300.0,16.0,1.6141999112450505,300.0,11.0,0.7208500406803525,200.00000000000017,11.0
4233,927271,rubies-egs51-v4,rubies-egs51-v4_prism-clear_4233_927271.spec.fits,215.0782588,52.9484971,6.788556,2.998577982370165,3.1865765304673337,3.533950760470007,3.9392711009612915,4.193534449863299,2.092020848449551e+42,2.1619133021360357e+42,2.2822919109282225e+42,2.405532843331672e+42,2.4987201159974462e+42,2.491952049673898e+42,2.543974722064513e+42,2.6149413063848056e+42,2.6697759618759498e+42,2.7127522964751063e+42,43.337514903403545,43.36233039735524,43.3940325588961,43.42201280308322,43.4401147331551,6.458188202443101e+41,4.049032366996654,6.788556,True,9.631580462853112e-21,,4.688547759418867,300.0,14.0,3.1579306981299906,300.0,12.0,0.8810230996614218,200.00000000000017,17.0
4233,29489,rubies-egs52-v4,rubies-egs52-v4_prism-clear_4233_29489.spec.fits,215.02207063101,52.92078594485,4.542522,7.830224686838446,8.784205899965247,10.06985460512997,12.475968581323036,15.221881990987871,2.7723695990159456e+42,2.8038678335614445e+42,2.854250416999313e+42,2.90563736728269e+42,2.9414518754676814e+42,3.595133775228425e+41,3.7916098902990835e+41,4.197067429971415e+41,4.591854070090612e+41,4.820279483483346e+41,42.95035817916726,42.97349816028467,43.00419207751808,43.03095647603885,43.05260563966067,2.834450475129252e+41,1.4807340847188473,4.542522,True,7.459916907911285e-21,,8.799416434017434,300.0,18.0,2.402493993021781,300.0,11.0,1.2575180725575936,200.00000000000017,9.0
4233,42046,rubies-egs53-v4,rubies-egs53-v4_prism-clear_4233_42046.spec.fits,214.79536781462,52.78884662864,5.2845182,9.55414000534372,9.76042695180328,10.073670862061974,10.382186429865286,10.618808217082725,4.0783948601036653e+43,4.098767917296919e+43,4.127720384322472e+43,4.161089247952047e+43,4.179371570811239e+43,1.9948072133637517e+42,2.0244390185277436e+42,2.085045519841173e+42,2.139063334050496e+42,2.180173570052207e+42,44.118054139880826,44.120432742238535,44.12420105121413,44.127902794644825,44.13036444007329,4.097533501782062e+42,0.5088538065483452,5.2845182,True,3.9402339937741596e-20,,1.7772235957257951,300.0,16.0,1.4313835870692655,300.0,11.0,2.2769647921958507,200.00000000000017,11.0
4233,55604,rubies-egs61-v4,rubies-egs61-v4_prism-clear_4233_55604.spec.fits,214.98302557432,52.956001297,6.988607,10.89757698353765,11.076190559053192,11.366781301158753,11.699747122428377,11.994946553744127,6.900935209416221e+43,6.937100601931405e+43,6.985986612170077e+43,7.038704200360898e+43,7.079737993255345e+43,6.080589491866994e+42,6.159445497154254e+42,6.271581349116477e+42,6.371934324544609e+42,6.425348735439721e+42,44.36832274822095,44.37127113801902,44.374955439946206,44.37905448600037,44.38128913614105,6.145967294591927e+42,1.0204384515086962,6.988607,True,3.55454527754576e-20,,2.964921594494861,300.0,14.0,2.4342082879932696,300.0,13.0,2.244115604581941,200.00000000000017,18.0
4233,61496,rubies-egs61-v4,rubies-egs61-v4_prism-clear_4233_61496.spec.fits,214.97244131008,52.96219208372,5.083718,6.222228253063454,6.903819282155797,7.978483933571669,9.217123013480975,10.68062646446353,2.4237045321377667e+42,2.4644469123238842e+42,2.5331607179878912e+42,2.602503215983321e+42,2.6455859683472624e+42,2.675657530851993e+41,2.8504249862443744e+41,3.12155454876345e+41,3.4748934255870143e+41,3.644000956510458e+41,43.331780059141494,43.34486837986473,43.3627950676825,43.381247835365315,43.390984866417746,3.174990059613857e+41,0.9831698651500956,5.083718,True,9.676678356109731e-21,,1.6755773154888118,300.0,17.0,3.8231598039424526,300.0,11.0,1.6762401047997078,200.00000000000017,11.0
4233,42232,rubies-egs62-v4,rubies-egs62-v4_prism-clear_4233_42232.spec.fits,214.88679215799,52.85538052649,4.9565415,10.350382222277386,11.10347249998488,12.632581642518627,14.665831579060203,16.144906635670203,6.155912485089422e+42,6.220791917540427e+42,6.30651472032055e+42,6.402284448368871e+42,6.45514185947892e+42,6.404768255778106e+41,6.645601381527842e+41,7.086186601794997e+41,7.469730924067636e+41,7.716136515969328e+41,43.6456236100695,43.652271589106576,43.66250219047743,43.672631437932736,43.68003433780054,4.9922612010629254e+41,1.4194342636331296,4.9565415,True,6.863190051160153e-21,,5.933160556018334,300.0,17.0,4.453503533603062,300.0,11.0,4.987126653089784,200.00000000000017,10.0
4233,948917,rubies-egs62-v4,rubies-egs62-v4_prism-clear_4233_948917.spec.fits,214.8924789,52.8568903,6.7316566,5.821401081720569,6.0075365259128075,6.343368622995975,6.683896866710928,6.927930459534793,8.461005301169609e+42,8.582492949232692e+42,8.767319580522329e+42,8.980406814467825e+42,9.134047917852382e+42,5.4731952738865213e+42,5.540081538111296e+42,5.641694565910908e+42,5.734717209216529e+42,5.796430894044239e+42,43.72443233763698,43.73303482499943,43.746270929093335,43.76062749045883,43.76647732280457,1.3821236162658197e+42,4.081903021926122,6.7316566,True,2.120999234828708e-20,,3.100222947108808,300.0,15.0,2.9510648083676214,300.0,12.0,0.9934429750420048,200.00000000000017,18.0
4233,28812,rubies-egs63-v4,rubies-egs63-v4_prism-clear_4233_28812.spec.fits,214.92414906585,52.84905034134,4.228986,9.809805309726956,10.600024163288088,12.117536920839456,14.246315387476143,16.06579668083525,5.3919406833964406e+42,5.432919399640156e+42,5.50408226789991e+42,5.5655734159736887e+42,5.607092301279773e+42,9.760501008921809e+41,1.0175579753852188e+42,1.0892620890466349e+42,1.1607582232609272e+42,1.2215305697892583e+42,43.60180650739582,43.60813047756849,43.61860339485402,43.627998991796865,43.63368690633337,4.542245098039782e+41,2.3980698212800293,4.228986,True,1.4056377483967242e-20,,1.929933065153322,300.0,20.0,1.8841454106836075,300.0,12.0,3.4451754378918378,200.00000000000017,8.0
4233,38434,rubies-egs63-v4,rubies-egs63-v4_prism-clear_4233_38434.spec.fits,214.88712333241,52.84537637206,2.8590343,2.8632015518445884,3.320962599352711,4.281109152839866,5.704765310279597,7.0870842336423925,3.3974934877209865e+41,3.612560285989939e+41,4.027395293996877e+41,4.417689269157418e+41,4.6443931687202515e+41,1.6533589766677483e+41,1.7698008401201155e+41,1.9636059109639885e+41,2.160194818352442e+41,2.2804311564719054e+41,42.08217684699227,42.149280907232864,42.22500742531821,42.292280299839476,42.33755840772186,9.407364190481598e+40,2.0873072108240174,2.8590343,True,9.605978361776596e-21,,12.284425318143674,300.0,26.0,5.009116798104245,300.0,17.0,-0.0320956907476654,200.00000000000017,4.0
4233,42232,rubies-egs63-v4,rubies-egs63-v4_prism-clear_4233_42232.spec.fits,214.88679215799,52.85538052649,4.954755,10.334926059561997,11.0154709349445,12.67242320639771,14.54369458217431,16.23974203380907,8.861437020450724e+42,8.925071696780406e+42,9.044161197524199e+42,9.174583213247577e+42,9.254854597566903e+42,6.656824218913739e+41,7.153481018182834e+41,7.975419446938489e+41,8.775634233145212e+41,9.306440666056067e+41,43.715899266891995,43.7199867745282,43.72809482626739,43.73566106688795,43.74012534143424,7.136883806846214e+41,1.1174932453416,4.954755,True,1.1655671442173264e-20,,3.476801568961525,300.0,17.0,2.6099912936866247,300.0,11.0,3.795870183847585,200.00000000000017,10.0
4233,49140,rubies-egs63-v4,rubies-egs63-v4_prism-clear_4233_49140.spec.fits,214.89224786285,52.87740967514,6.6877327,8.394810068670031,8.538049805027697,8.752510821366528,8.995614877665012,9.163218227467281,6.123845925252299e+43,6.154896124615259e+43,6.198883633862883e+43,6.249306570731616e+43,6.279737633876296e+43,5.64544017233489e+42,5.720069282275267e+42,5.799087137778669e+42,5.908720291771939e+42,5.97798933539874e+42,44.44083427692147,44.44307728464486,44.44631723931039,44.449543256692394,44.45177117635883,7.08240613508325e+42,0.8188018347398125,6.6877327,True,3.2637376099904256e-20,,1.9847606031308784,300.0,14.0,1.8571474934991068,300.0,12.0,3.2256583462137045,200.00000000000017,17.0
4233,11917,rubies-uds1-v4,rubies-uds1-v4_prism-clear_4233_11917.spec.fits,34.2682663,-5.295207800000014,2.5857115,2.1098492537708315,2.4586164681667686,2.896567312351657,3.535652413593705,4.074209377886214,3.3796075843534593e+41,3.527158259872876e+41,3.7348172958744316e+41,3.901957236688307e+41,3.997563618451805e+41,5.042445020007884e+41,5.073622127170888e+41,5.1582331189677655e+41,5.4918166804754196e+41,5.6337667707620105e+41,42.243836496494644,42.27761841678875,42.323033207814355,42.367092018814446,42.39160084366017,1.2893942702274777e+41,4.000508795542995,2.5857115,True,1.4748982853724122e-20,,3.8640073779081674,300.0,16.0,3.533592063964759,300.0,19.0,0.4532432912278037,200.00000000000017,4.0
4233,31747,rubies-uds1-v4,rubies-uds1-v4_prism-clear_4233_31747.spec.fits,34.2237573,-5.260244600000021,4.129401,7.265068976269955,7.970456098987477,8.998284840493413,10.641947278651264,12.164640677686945,2.797566232037123e+42,2.827628577300054e+42,2.8825567689087426e+42,2.9360037447366985e+42,2.971007899674752e+42,2.544437369349225e+41,2.7920335448962507e+41,3.1740016139356017e+41,3.577066818848081e+41,3.824949112747725e+41,43.49727898916173,43.50239380745878,43.510286406660335,43.51874992393248,43.52433367846809,3.203451346568709e+41,0.9908068737598741,4.129401,True,1.175076748038531e-20,,3.937030754925785,300.0,20.0,1.654551063615484,300.0,12.0,3.393674513666554,200.00000000000017,8.0
4233,40579,rubies-uds1-v4,rubies-uds1-v4_prism-clear_4233_40579.spec.fits,34.2441997,-5.245871399999999,3.113558,12.279410689383027,12.635564575325287,13.2056069111267,13.920013159568402,14.313920030970221,4.483146241309198e+43,4.543662638155605e+43,4.655959214604514e+43,4.759667814191587e+43,4.844298057831654e+43,3.3599577566527856e+42,3.4199785253287785e+42,3.527483890778959e+42,3.635884533557761e+42,3.708406744338403e+42,44.1343914803294,44.135681810294365,44.137540757143,44.139511473271604,44.14099819388471,3.5257442129990437e+42,1.0004934214380898,3.113558,True,7.526855942117915e-20,,2.3144631783443947,300.0,29.0,1.0351306077182678,300.0,16.0,4.833852833520807,200.00000000000017,5.0
4233,175975,rubies-uds21-v4,rubies-uds21-v4_prism-clear_4233_175975.spec.fits,34.21038509226,-5.09873620942,2.9519691,4.796447210333148,5.510331208591263,6.589513123996676,8.18328566383384,9.667082686669682,1.3208826202521747e+42,1.3437275399709728e+42,1.375567667502835e+42,1.4113131551366796e+42,1.4369526664557174e+42,7.027813547124358e+41,7.25579828609957e+41,7.593208097616339e+41,7.944670363083847e+41,8.17771602548605e+41,42.929879351701736,42.94586547609091,42.96562061796556,42.984588059824766,42.99687703532168,2.0875103237802262e+41,3.6374469678626387,2.9519691,True,2.4789661128148832e-20,,3.272580767557617,300.0,29.0,2.90560395608999,300.0,16.0,1.1985924454328098,200.00000000000017,4.0
4233,182791,rubies-uds21-v4,rubies-uds21-v4_prism-clear_4233_182791.spec.fits,34.21381285054,-5.08704950317,4.717405,8.672552891176705,9.064513113662766,9.636753618339853,10.308148513960331,10.693474251958879,1.5675204848693367e+43,1.5816825299562207e+43,1.6002639910602339e+43,1.6215113454094458e+43,1.633540577097865e+43,6.72523567890131e+42,6.782908249276275e+42,6.869563959070027e+42,6.962370982227856e+42,7.026618147953827e+42,43.63955300897779,43.64367762578841,43.65092580448193,43.658614277330784,43.66261805389773,1.660584107924838e+42,4.136835903876396,4.717405,True,3.315759818153869e-20,,2.708004436186142,300.0,18.0,2.386504397740145,300.0,12.0,1.1758822732886978,200.00000000000017,9.0
4233,119957,rubies-uds22-v4,rubies-uds22-v4_prism-clear_4233_119957.spec.fits,34.26890764112,-5.17672184077,4.151636,6.927446139710995,7.35343544488719,8.071625557665836,8.829741570255967,9.619529040190463,2.658104924420512e+42,2.687207530704663e+42,2.7434898195559894e+42,2.800302028177533e+42,2.8358039228882495e+42,1.8933110809453408e+42,1.91729801055096e+42,1.9601537153344175e+42,2.0016704186241313e+42,2.0274110565855643e+42,43.17945262918336,43.1907664137611,43.209370636902236,43.22965391010709,43.24160673105357,3.3989309835494345e+41,5.766971217778211,4.151636,True,1.3967685128309097e-20,,3.1483834864658737,300.0,20.0,2.047562346784039,300.0,12.0,1.4185967460849105,200.00000000000017,8.0
4233,144195,rubies-uds23-v4,rubies-uds23-v4_prism-clear_4233_144195.spec.fits,34.32515592884,-5.143685286,3.3547552,9.039901255039295,10.203802875400125,12.320651648981377,15.072650073739261,17.375896876111035,2.511551395443455e+42,2.5372622340556782e+42,2.5740806187828836e+42,2.615867639130848e+42,2.6418993932062125e+42,1.0587629102381943e+41,1.2887196499023783e+41,1.6202345105819404e+41,1.96935339541398e+41,2.17237934494046e+41,43.54388897585649,43.54767403134731,43.55333540461913,43.55883876604453,43.56176571426232,2.089240644179481e+41,0.7755135891577793,3.3547552,True,1.3131887383365981e-20,,2.0468395909190384,300.0,26.0,4.087805156457462,300.0,14.0,5.5128629549561525,200.00000000000017,5.0
4233,167741,rubies-uds23-v4,rubies-uds23-v4_prism-clear_4233_167741.spec.fits,34.33460340027,-5.11026931524,4.1157036,3.791204207648801,4.148457562194135,4.807052530957245,5.727339976607532,6.3517717982913915,3.018874933947138e+42,3.088228086739833e+42,3.1888305495723865e+42,3.2844543626117697e+42,3.3445015982608505e+42,2.1902933022308492e+42,2.2295675691437667e+42,2.3004603933762374e+42,2.36544383144435e+42,2.4067841871913054e+42,43.093203335859045,43.12369889918661,43.16814814674214,43.20371795161979,43.22291186718465,6.63365030657858e+41,3.4678650321601587,4.1157036,True,4.233324354883156e-20,,4.171269212794307,300.0,21.0,2.499485207749163,300.0,12.0,0.4618237626847151,200.00000000000017,7.0
4233,172350,rubies-uds23-v4,rubies-uds23-v4_prism-clear_4233_172350.spec.fits,34.36895117186,-5.10394147458,5.5864534,11.759206198946847,12.340692574305173,13.747506414120945,15.402045199975884,16.92208447619322,8.757501831229052e+42,8.82058035413089e+42,8.933060513045172e+42,9.0384094128734e+42,9.098559458669225e+42,9.559212090951522e+41,9.837049213647818e+41,1.0254919415765478e+42,1.0659913036274157e+42,1.0937396854651163e+42,43.648281374971894,43.65293524515008,43.66141042399555,43.670704114150816,43.67647015137855,6.497949696440551e+41,1.578177716793179,5.5864534,True,1.7618306666577963e-20,,2.214553389501833,300.0,15.0,2.178265912632167,300.0,12.0,1.5416258288693636,200.00000000000017,12.0
4233,47509,rubies-uds3-v4,rubies-uds3-v4_prism-clear_4233_47509.spec.fits,34.2646021,-5.2325857000000155,5.671981,6.7232098367196995,7.03945817842012,7.461911166986742,7.92680249923394,8.268670964516089,7.248469905361568e+42,7.320191358066005e+42,7.43238906384041e+42,7.546586287035017e+42,7.620063535604152e+42,5.1759106604378636e+42,5.229553127433764e+42,5.302345456631483e+42,5.3691304567409484e+42,5.40965516569311e+42,43.61899342387945,43.62771755374215,43.63921784372199,43.65370004241983,43.66254561338847,9.960436270969098e+41,5.323406839202228,5.671981,True,2.536517458070256e-20,,4.4435402436596245,300.0,15.0,3.0476407949065227,300.0,12.0,0.9725779039374792,200.00000000000017,12.0
4233,50716,rubies-uds3-v4,rubies-uds3-v4_prism-clear_4233_50716.spec.fits,34.3131541,-5.226780899999994,6.170604,6.577685234033534,7.084875503008566,8.433626176197514,10.174191885019784,12.499307685830795,3.01891863620194e+42,3.1118762973920875e+42,3.2786937102478406e+42,3.4393318202147044e+42,3.559716094616441e+42,9.093516232907724e+41,9.434990597260848e+41,9.958169038894359e+41,1.0532188537728433e+42,1.0923055301705765e+42,43.34029020907808,43.361158453501965,43.38947776250609,43.41327959723047,43.42979920037518,3.887644106756119e+41,2.5614919384180808,6.170604,True,9.097287569116486e-21,,3.8231283990865457,300.0,14.0,3.189275487630553,300.0,12.0,1.123008169539812,200.00000000000017,14.0
4233,154183,rubies-uds31-v4,rubies-uds31-v4_prism-clear_4233_154183.spec.fits,34.41074855089,-5.12966426274,3.548925327627479,7.927114582037113,8.443395371663907,9.397890268754196,10.621056804812829,11.69957599458368,6.521602723527187e+42,6.575987099991711e+42,6.643780045033944e+42,6.704501761175594e+42,6.75443153857945e+42,3.871536619865353e+40,7.096378071542849e+40,1.1273144847325369e+41,1.6480783583361589e+41,2.0308777270564355e+41,43.89046343474599,43.892739916401446,43.895859989087526,43.89878263155023,43.90080164775751,7.069437772776482e+41,0.15946310314430995,3.548925327627479,True,1.6054178808666554e-20,,2.1578958886899966,300.0,25.0,1.6127604543242398,300.0,14.0,9.01567459804389,200.00000000000017,6.0
4233,29813,rubies-uds33-v4,rubies-uds33-v4_prism-clear_4233_29813.spec.fits,34.45335487097,-5.27071690793,5.442071,7.308321759655331,7.804476233839901,8.538334056233913,9.502256749174052,10.123133714787135,5.63213695959456e+42,5.684970213833299e+42,5.764819206545981e+42,5.851486845203908e+42,5.902429103673567e+42,1.1367244653662308e+42,1.167391721597028e+42,1.2059009250132224e+42,1.2528662968471613e+42,1.2828382092125125e+42,43.17787386587579,43.20535837640996,43.23734409973435,43.26492716949853,43.28389026956399,6.751690866834891e+41,1.7860724799127747,5.442071,True,1.283219285565333e-20,,,300.0,16.0,3.302252325329788,300.0,11.0,0.9396841832074714,200.00000000000017,12.0
4233,53692,rubies-uds33-v4,rubies-uds33-v4_prism-clear_4233_53692.spec.fits,34.45537626542,-5.23181398278,5.2792883,3.3745183397925955,3.776042639089901,4.7090239624831,6.083648342449293,7.69128292719021,8.752991016750237e+41,9.133775201581514e+41,9.779651688812288e+41,1.0359520264832503e+42,1.072238978768331e+42,2.6624938498624635e+41,2.8560280211709494e+41,3.1509891616823206e+41,3.4739674011403235e+41,3.704597407273744e+41,43.16573878808766,43.18376644583298,43.210972984750114,43.2346678709579,43.251023899500886,2.0767895357354293e+41,1.5172404846341339,5.2792883,True,8.06464169036812e-21,,1.4785999299930257,300.0,16.0,0.9952182729271772,300.0,11.0,1.3962230921563472,200.00000000000017,11.0
4233,23438,rubies-uds42-v4,rubies-uds42-v4_prism-clear_4233_23438.spec.fits,34.33827056315,-5.28089510517,3.6860464,5.013010810053881,5.427355845578177,6.376941442903918,7.794619426813574,8.795378820965745,2.4899298416432046e+42,2.5186665476525714e+42,2.560710778980583e+42,2.6022917559056573e+42,2.6263523939912245e+42,1.7205058594672808e+42,1.7690207440336164e+42,1.8436395069185458e+42,1.9037258368300468e+42,1.9438946180017594e+42,43.196931050629175,43.2142805968061,43.23390323441519,43.25040548826576,43.25833969774657,4.0155783174551026e+41,4.591217904789773,3.6860464,True,2.133350005466974e-20,,4.01783233389575,300.0,24.0,4.23573946718541,300.0,13.0,1.398320271635388,200.00000000000017,7.0
2561,20698,uncover-61-v4,uncover-61-v4_prism-clear_2561_20698.spec.fits,3.55670488988,-30.40819180526,2.417316,5.987626248389754,6.449787886083658,7.20420230913996,8.232936503856543,9.029660769630325,1.6392068569468e+42,1.6639410009097877e+42,1.7028733664556915e+42,1.7420772706815113e+42,1.7624520923179103e+42,7.749077960006454e+41,7.931808997216275e+41,8.201827123993482e+41,8.539740205601941e+41,8.740785585923324e+41,43.03089831759162,43.03316733949374,43.037051482313885,43.040810717067124,43.043692866450684,2.3637223017672044e+41,3.4698776238907163,2.417316,True,3.3069131251278717e-20,,3.615488613051877,300.0,8.0,2.6856011490340705,300.0,21.0,1.7918628920662392,200.00000000000017,3.0
2561,21547,uncover-61-v4,uncover-61-v4_prism-clear_2561_21547.spec.fits,3.55083777507,-30.40659782568,5.0578914,9.18548695797312,9.493757498861621,10.093266350611806,10.571480004981726,10.88433271101747,8.031748565756264e+42,8.090816939988869e+42,8.184586542932252e+42,8.267861060549351e+42,8.328128475561205e+42,3.631707839353885e+42,3.6547320141066057e+42,3.6981856856661574e+42,3.749306865415059e+42,3.776270831671325e+42,43.85581993404538,43.857775956709006,43.86048378473633,43.86313079126372,43.86474437344702,8.108957257861467e+41,4.560618052439286,5.0578914,True,2.833167801946433e-20,,3.152604436397078,300.0,16.0,2.144576252147478,300.0,11.0,1.99905010060334,200.00000000000017,11.0
2561,24968,uncover-61-v4,uncover-61-v4_prism-clear_2561_24968.spec.fits,3.62060683216,-30.3999507478,6.3467827,9.226317177552659,9.606838947789631,10.379457722271937,11.046475254379223,11.570277978608535,6.314375985766928e+42,6.375721319623357e+42,6.468342712409053e+42,6.553320153123309e+42,6.605767717882766e+42,1.8128313575228052e+42,1.8352697932890678e+42,1.8668337810242628e+42,1.9032819040830265e+42,1.9244204319410384e+42,43.41490793955704,43.42030970045613,43.428624687595494,43.43832192497192,43.44399563014312,6.231869607724758e+41,2.995623943591849,6.3467827,True,9.57421942789275e-21,,4.344242932615201,300.0,14.0,3.432025970637222,300.0,12.0,1.2686678828974003,200.00000000000017,15.0
2561,27114,uncover-61-v4,uncover-61-v4_prism-clear_2561_27114.spec.fits,3.54579026178,-30.39572382742,5.1957436,5.301696773245773,6.0373106739361955,7.533433852393479,10.053138504522499,12.050985901682722,1.2086766036318481e+42,1.2468964466953616e+42,1.30243973543495e+42,1.3674741024975594e+42,1.3911429910682567e+42,2.835931439440501e+41,3.005637859569122e+41,3.2805230576748697e+41,3.624779257780694e+41,3.839826772706142e+41,43.256412109656594,43.264131433763225,43.27703914622572,43.28677768443407,43.29280554251834,1.7288792348274836e+41,1.897485371788977,5.1957436,True,3.3310248911597338e-21,,3.516206490419029,300.0,16.0,2.2770823958277515,300.0,11.0,4.927170455768749,200.00000000000017,11.0
2561,24175,uncover-62-v4,uncover-62-v4_prism-clear_2561_24175.spec.fits,3.57983163662,-30.40156918527,7.0356536,8.200194479340793,8.71767187920653,9.479767985885918,10.202858600267612,10.837616333384496,7.452301135208207e+42,7.525903501385106e+42,7.649235539509837e+42,7.783009463541894e+42,7.863760784533519e+42,2.8832781361923064e+40,5.529228743479082e+40,1.0121522062295098e+41,1.4728338299473938e+41,1.835094471766739e+41,43.977917122867495,43.980706736581176,43.98426496109192,43.98897669028072,43.99124596980849,8.069011341731682e+41,0.1254369542145535,7.0356536,True,6.634478186476637e-21,,3.593405079981836,300.0,14.0,2.575808242354776,300.0,12.0,5.446346783330272,200.00000000000017,18.0
2561,58453,uncover-62-v4,uncover-62-v4_prism-clear_2561_58453.spec.fits,3.58475838636,-30.34362893587,4.471244,6.700260478587987,6.886356797746934,7.167627978907271,7.446241736487588,7.6558871174226075,7.741663026336771e+43,7.810939854370845e+43,7.932636267240644e+43,8.047406716931113e+43,8.126836711496815e+43,1.0125665935880223e+43,1.0276357361875014e+43,1.0524822218963367e+43,1.0829404702197243e+43,1.1022711168561015e+43,44.5611671334639,44.561569256821706,44.56216916749137,44.562735941650345,44.56308776959726,1.1067310260220845e+43,0.9509828469156287,4.471244,True,1.1536981318732858e-19,,2.196449365205821,300.0,18.0,2.2419835413841502,300.0,12.0,3.119101430024405,200.00000000000017,8.0
2561,13123,uncover-v4,uncover-v4_prism-clear_2561_13123.spec.fits,3.5798285586361156,-30.40156942018814,7.0370483,7.529696233984397,7.762068994304214,8.20727090850652,8.681352248806704,9.028471709394612,6.233741598163981e+42,6.286133464503937e+42,6.363689591430574e+42,6.444936429960858e+42,6.495371958918914e+42,6.108014092372617e+40,7.892880953395795e+40,1.0754944868658236e+41,1.37179287386547e+41,1.5314910985991543e+41,43.97366561866682,43.97509446579302,43.977388766629275,43.979267992114934,43.981122971139165,7.753721867319934e+41,0.138706869458237,7.0370483,True,8.439067529933823e-21,,4.566230693201997,300.0,14.0,3.000218739366483,300.0,12.0,4.031358267338147,200.00000000000017,18.0
2561,15383,uncover-v4,uncover-v4_prism-clear_2561_15383.spec.fits,3.5835345523876256,-30.39667857268421,7.037048,7.517644103556892,7.765583035108171,8.124105130267889,8.48210761197492,8.831520813956727,7.394274696260724e+42,7.455193806436582e+42,7.557401464308671e+42,7.67143658019644e+42,7.731271836661765e+42,4.263674422025733e+40,5.699978645304609e+40,8.535966211861169e+40,1.1114284895148482e+41,1.3084486743678005e+41,44.03095067994899,44.032852254897776,44.03536613029205,44.0376031215465,44.03925749591523,9.302441737431664e+41,0.09176049098500333,7.037048,True,1.1972818545049248e-20,,4.770462070346184,300.0,14.0,3.3064486704197824,300.0,12.0,3.224314927428904,200.00000000000017,18.0
2561,16594,uncover-v4,uncover-v4_prism-clear_2561_16594.spec.fits,3.5972026964921247,-30.394328688267255,7.0346375,6.5601875075853,6.850525698669218,7.483183359055988,8.12731995731392,8.610527365570288,2.755966243941499e+42,2.8057831517574575e+42,2.8828529474359256e+42,2.959006477079258e+42,3.037316421329611e+42,2.6953315921140795e+40,3.956006849618799e+40,5.899188186864879e+40,8.0865490384795e+40,9.489867203410497e+40,43.518586945695674,43.521929797446305,43.52748209409211,43.53283231149824,43.53728992482042,3.8524419476467306e+41,0.15312854202691895,7.0346375,True,3.1932668653501465e-21,,4.2418400354567165,300.0,14.0,2.936078035539473,300.0,12.0,3.756282442175168,200.00000000000017,18.0
2561,20466,uncover-v4,uncover-v4_prism-clear_2561_20466.spec.fits,3.6404083925047726,-30.386437606203685,8.509481,,,,,,,,,,,3.347765233427134e+42,3.4238632861648e+42,3.517830536796096e+42,3.612038742122227e+42,3.6919408592350226e+42,43.095900329504,43.215301881966,43.31396098948065,43.4058273009384,43.449247576568574,,,8.509481,True,9.893854220989024e-21,,1.5277941260246548,300.0,15.0,1.3560807294510415,300.0,15.0,1.1786602563530415,200.00000000000017,26.0
2561,28876,uncover-v4,uncover-v4_prism-clear_2561_28876.spec.fits,3.5695974262993713,-30.373223042575773,7.0362444,6.466502679893286,6.709815983710639,7.383194249075899,8.051340876450396,8.612028380323395,2.859931143889184e+42,2.9326608462851533e+42,3.088473566757351e+42,3.276415712664298e+42,3.4477676617292635e+42,8.977127193928556e+40,1.05282534908921e+41,1.2428428949444925e+41,1.4515193613069713e+41,1.5771878351131357e+41,43.40218119608737,43.41059392957703,43.42231119399301,43.432199437565,43.43840698257853,4.18311297599127e+41,0.2971095693751797,7.0362444,True,4.466745402406826e-21,,4.077499829745108,300.0,14.0,4.109362616441226,300.0,12.0,1.9729518725751345,200.00000000000017,18.0
2561,38108,uncover-v4,uncover-v4_prism-clear_2561_38108.spec.fits,3.530008614510292,-30.35801311552825,4.968462,9.274564203842495,9.682998583317024,10.321249547224731,11.32098550963595,11.932839711878042,5.628233394240471e+42,5.667343916688455e+42,5.73477871921743e+42,5.796237567438992e+42,5.83071886290819e+42,1.3462030430798454e+42,1.3644945461119537e+42,1.3975638419772182e+42,1.4330280052844164e+42,1.4537762179957186e+42,43.34194511897526,43.348132558803194,43.3543693540527,43.36162740576222,43.36649931300859,5.556283367607799e+41,2.5152853976540888,4.968462,True,1.365197422429405e-20,,6.000150133159108,300.0,17.0,4.10186356141867,300.0,12.0,1.363045444216186,200.00000000000017,10.0
2561,4286,uncover-v4,uncover-v4_prism-clear_2561_4286.spec.fits,3.619201005497743,-30.423270342647697,5.8352246,9.631083731248696,9.89264141514189,10.348169777784664,10.815999812379799,11.1238265435955,9.484496064926286e+42,9.541865571029946e+42,9.63776085015791e+42,9.731975075401947e+42,9.788501000582541e+42,2.4975514002278658e+42,2.524050437109873e+42,2.5662850855235583e+42,2.6063070370525317e+42,2.6436343180362185e+42,43.73183419545494,43.73548774277926,43.740248900234626,43.745083709277324,43.748281599680276,9.313493165572281e+41,2.7554485088472913,5.8352246,True,1.477175184448618e-20,,4.065971159662143,300.0,15.0,2.3287117229160503,300.0,11.0,2.097303531603889,200.00000000000017,13.0
2561,45924,uncover-v4,uncover-v4_prism-clear_2561_45924.spec.fits,3.5847600654669716,-30.34362752753509,4.463361263885918,7.288101610126589,7.483096573217431,7.79356593013793,8.124210423071906,8.349685929898495,1.1132534594474905e+44,1.125603937891451e+44,1.1423704300553588e+44,1.1585065721277688e+44,1.1672008500420881e+44,1.3385227715152398e+43,1.3658952265828517e+43,1.4118580756349844e+43,1.4523919548529278e+43,1.4797342597742702e+43,44.67508723865877,44.6752473444377,44.67548862755807,44.67570717536781,44.67583903483552,1.4657865735603536e+43,0.9632084923561699,4.463361263885918,True,1.3570413251774176e-19,,1.6363842700217046,300.0,18.0,1.9314924465053684,300.0,11.0,3.4683589934323686,200.00000000000017,9.0
