"root","file","ra","dec","srcid","msamet","slitid","grating","exptime","wmin","wmax","sn50","flux50","ctime","version","References","nRef","zfit","z","grade","reviewer","comment","thumb","slit_thumb","FITS","fnu","flam","has_v3","flam_v3"
"rubies-egs61-v4","rubies-egs61-v4_g395m-f290lp_4233_55604.spec.fits","214.98302557","52.9560013","55604","jw04233006001_02_msa.fits","190","G395M_F290LP","2844.8","2.69","5.43","2.2","0.544","2025-01-22 21:24:55.525","0.9.5.dev2+g80b81b4","ILa22  z=N/A ;  VKo24  z=N/A ;  DKo24  z=6.990","3","6.9843","6.9843","3","Auto","Redshift matches rubies-egs61-nod-v3_prism-clear_4233_55604 z=6.9823","","","FITS   d2d","","","1",""
"egs-nelsonx-v4","egs-nelsonx-v4_g395m-f290lp_4106_51623.spec.fits","214.88681837","52.85538915","51623","jw04106006001_01_msa.fits","131","G395M_F290LP","3939","2.69","5.5","1.5","0.288","2025-01-22 23:10:22.578","0.9.5.dev2+g80b81b4","VKo24  z=N/A ;  DKo24  z=4.950","2","4.9528","4.9528","3","Auto","Redshift matches egs-nelsonx-v3_g395m-f290lp_4106_51623 z=4.9536","","","FITS   d2d","","","1",""
"jades-gdn09-v4","jades-gdn09-v4_g395h-f290lp_1181_73488.spec.fits","189.1973959","62.1772331","73488","jw01181009001_05_msa.fits","722","G395H_F290LP","9191","2.88","4.23","1.3","0.239","2025-01-28 11:42:31.796","0.9.5.dev2+g80b81b4","RMa23  z=4.133","1","4.1325","4.1325","3","Auto","Redshift matches jades-gdn09-v3_g395h-f290lp_1181_73488 z=4.1326","","","FITS   d2d","","","1",""
"jades-gdn11-v4","jades-gdn11-v4_g395m-f290lp_1181_4685.spec.fits","189.0962931","62.2391438","4685","jw01181011001_05_msa.fits","694","G395M_F290LP","9191","2.69","5.5","0.5","0.093","2025-01-28 11:41:56.405","0.9.5.dev2+g80b81b4","-","0","7.4131","7.4131","3","Auto","Redshift matches jades-gdn11-v3_g395m-f290lp_1181_4685 z=7.4143","","","FITS   d2d","","","1",""
"jades-gdn-v4","jades-gdn-v4_g395h-f290lp_1181_39353.spec.fits","189.2939522","62.1530911","39353","jw01181098001_04_msa.fits","573","G395H_F290LP","3063.7","2.83","4.33","0.5","0.22","2025-01-28 09:11:14.889","0.9.5.dev2+g80b81b4","-","0","4.8468","4.8468","3","Auto","Redshift matches jades-gdn-v3_g395m-f290lp_1181_39353 z=4.8476","","","FITS   d2d","","","1",""
"jades-gdn198-v4","jades-gdn198-v4_g395h-f290lp_1181_53501.spec.fits","189.2950564","62.1935722","53501","jw01181198001_01_msa.fits","129","G395H_F290LP","3063.7","2.83","4.48","1","0.409","2025-05-21 12:04:38.753","0.9.5.dev8+ge2b237b","-","0","3.4299","3.4299","3","Auto","Redshift matches jades-gdn198-v4_prism-clear_1181_53501 z=3.4361","","","FITS   d2d","","","1",""
"jades-gdn198-v4","jades-gdn198-v4_g395h-f290lp_1181_68797.spec.fits","189.2291371","62.1461898","68797","jw01181198001_01_msa.fits","34","G395H_F290LP","3063.7","2.83","4.09","2","1.245","2025-05-21 12:04:10.830","0.9.5.dev8+ge2b237b","-","0","5.0404","5.0404","3","Auto","Redshift matches jades-gdn-v4_prism-clear_1181_68797 z=5.0433","","","FITS   d2d","","","1",""
"jades-gdn2-v4","jades-gdn2-v4_g235m-f170lp_1181_28074.spec.fits","189.0645893","62.2738154","28074","jw01181004001_01_msa.fits","16","G235M_F170LP","6127.3","1.61","3.7","24.6","4.859","2025-01-28 09:04:56.474","0.9.5.dev2+g80b81b4","-","0","2.26","2.26","3","Auto","Redshift matches jades-gdn2-v3_g395m-f290lp_1181_28074 z=2.2624","","","FITS   d2d","","","1",""
"jades-gds-w09-v4","jades-gds-w09-v4_g395h-f290lp_1212_2993.spec.fits","53.08880894","-27.73819879","98","jw01212009001_01_msa.fits","98","G395H_F290LP","1750.7","2.83","4.5","0.6","0.388","2025-01-28 13:56:09.142","0.9.5.dev2+g80b81b4","-","0","","","-1","","","","","FITS   d2d","","","0",""
"jades-gds-wide-v4","jades-gds-wide-v4_g235m-f170lp_1180_12402.spec.fits","53.1326687","-27.7654818","12402","jw01180026001_04_msa.fits","634","G235M_F170LP","3063.7","1.61","4.35","1.9","0.558","2025-01-28 09:25:51.885","0.9.5.dev2+g80b81b4","CWi23  z=N/A","1","3.1901","3.1901","3","Auto","Redshift matches jades-gds-wide-v3_g235m-f170lp_1180_12402 z=3.1907","","","FITS   d2d","","","1",""
"jades-gds-wide-v4","jades-gds-wide-v4_g395m-f290lp_1180_13329.spec.fits","53.1390379","-27.7844332","13329","jw01180026001_04_msa.fits","711","G395M_F290LP","3063.7","2.69","5.5","1","0.236","2025-01-28 09:25:45.837","0.9.5.dev2+g80b81b4","CSi23  z=N/A ;  VKo24  z=N/A","2","3.9358","3.9358","3","Auto","Redshift matches jades-gds-wide-v3_g235m-f170lp_1180_13329 z=3.9366","","","FITS   d2d","","","1",""
"jades-gds02-v4","jades-gds02-v4_g395h-f290lp_1286_38562.spec.fits","53.1358639","-27.871645","38562","jw01286002001_05_msa.fits","687","G395H_F290LP","8534.5","2.83","4.19","0.5","0.112","2025-01-28 11:49:52.499","0.9.5.dev2+g80b81b4","-","0","4.821","4.821","3","Auto","Redshift matches jades-gds02-v3_g235m-f170lp_1286_38562 z=4.8219","","","FITS   d2d","","","1",""
"jades-gds05-v4","jades-gds05-v4_g395m-f290lp_1286_204851.spec.fits","53.1385932","-27.7902534","204851","jw01286005001_05_msa.fits","682","G395M_F290LP","9191","2.69","5.5","0.9","0.18","2025-01-28 11:49:57.053","0.9.5.dev2+g80b81b4","CWi23  z=5.480 ;  JMa23  z=5.481","2","5.4818","5.4818","3","Auto","Redshift matches jades-gds05-v3_prism-clear_1286_204851 z=5.4927","","","FITS   d2d","","","1",""
"jades-gds06-v4","jades-gds06-v4_g395h-f290lp_1286_159717.spec.fits","53.0975283","-27.9012603","159717","jw01286006001_05_msa.fits","715","G395H_F290LP","8534.5","2.93","4.28","1.3","0.284","2025-01-28 11:51:24.557","0.9.5.dev2+g80b81b4","DKo24  z=N/A","1","5.0774","5.0774","3","Auto","Redshift matches jades-gds06-v3_g235m-f170lp_1286_159717 z=5.0775","","","FITS   d2d","","","1",""
"macs0416-nakajima-v4","macs0416-nakajima-v4_g395m-f290lp_4750_60009.spec.fits","64.0562336","-24.113539","60009","jw04750005001_01_msa.fits","259","G395M_F290LP","17506.7","2.69","5.5","1.6","0.111","2025-05-07 09:19:31.267","0.9.5.dev8+ge2b237b","-","0","4.9992","4.9992","3","Auto","Redshift matches macs0416-v4_prism-clear_1208_3104035 z=5.0068","","","FITS   d2d","","","0",""
"macsj0647-hr-v4","macsj0647-hr-v4_g395h-f290lp_4246_1045.spec.fits","101.933406","70.198268","1045","jw04246003001_01_msa.fits","7","G395H_F290LP","4376.7","2.83","4.3","0.1","0.123","2025-01-27 20:52:58.353","0.9.5.dev2+g80b81b4","-","0","4.5253","4.5253","3","Auto","Redshift matches macsj0647-v4_prism-clear_1433_1045 z=4.5276","","","FITS   d2d","","","1",""
"rubies-egs51-v4","rubies-egs51-v4_g395m-f290lp_4233_926125.spec.fits","215.1370814","52.9885544","926125","jw04233005001_02_msa.fits","159","G395M_F290LP","2844.8","2.69","5.2","0.7","0.141","2025-01-22 21:41:56.460","0.9.5.dev2+g80b81b4","VKo24  z=N/A ;  DKo24  z=5.290","2","5.2858","5.2858","3","Auto","Redshift matches rubies-egs51-nod-v3_g395m-f290lp_4233_926125 z=5.2842","","","FITS   d2d","","","1",""
"rubies-egs51-v4","rubies-egs51-v4_g395m-f290lp_4233_927271.spec.fits","215.0782588","52.9484971","927271","jw04233005001_02_msa.fits","81","G395M_F290LP","2844.8","2.69","5.5","0.4","0.088","2025-01-22 21:46:22.822","0.9.5.dev2+g80b81b4","DKo24  z=6.790 ;  VKo24  z=N/A","2","6.7849","6.7849","3","Auto","Redshift matches rubies-egs51-v3_g395m-f290lp_4233_927271 z=6.7840","","","FITS   d2d","","","1",""
"rubies-egs52-v4","rubies-egs52-v4_g395m-f290lp_4233_29489.spec.fits","215.02207063","52.92078594","29489","jw04233005002_02_msa.fits","119","G395M_F290LP","2844.8","2.69","5.5","0.3","0.103","2025-01-22 22:00:33.950","0.9.5.dev2+g80b81b4","VKo24  z=N/A","1","4.5434","4.5434","3","Auto","Redshift matches rubies-egs52-nod-v3_prism-clear_4233_29489 z=4.5421","","","FITS   d2d","","","1",""
"rubies-egs52-v4","rubies-egs52-v4_g395m-f290lp_4233_37124.spec.fits","214.99097733","52.91652395","37124","jw04233005002_02_msa.fits","88","G395M_F290LP","2844.8","2.69","5.5","0.9","0.196","2025-01-22 22:11:08.135","0.9.5.dev2+g80b81b4","VKo24  z=N/A ;  DKo24  z=5.680 ;  GBa23  z=N/A ;  GBa23  z=N/A","4","5.6814","5.6814","3","Auto","Redshift matches rubies-egs52-v3_prism-clear_4233_37124 z=5.6792","","","FITS   d2d","","","1",""
"rubies-egs53-v4","rubies-egs53-v4_g395m-f290lp_4233_42046.spec.fits","214.79536781","52.78884663","42046","jw04233005003_02_msa.fits","81","G395M_F290LP","2844.8","2.69","5.5","2.2","0.761","2025-01-22 21:33:44.921","0.9.5.dev2+g80b81b4","DKo24  z=5.280 ;  VKo24  z=N/A","2","5.2772","5.2772","3","Auto","Redshift matches rubies-egs53-v3_prism-clear_4233_42046 z=5.2702","","","FITS   d2d","","","1",""
"rubies-egs61-v4","rubies-egs61-v4_g395m-f290lp_4233_61496.spec.fits","214.97244131","52.96219208","61496","jw04233006001_02_msa.fits","168","G395M_F290LP","2844.8","2.69","5.5","0.5","0.123","2025-01-22 21:33:32.905","0.9.5.dev2+g80b81b4","VKo24  z=N/A ;  DKo24  z=5.080","2","5.0795","5.0795","3","Auto","Redshift matches rubies-egs61-nod-v3_prism-clear_4233_61496 z=5.0759","","","FITS   d2d","","","1",""
"rubies-egs61-v4","rubies-egs61-v4_g395m-f290lp_4233_952625.spec.fits","214.9755288","52.9252681","952625","jw04233006001_02_msa.fits","189","G395M_F290LP","2844.8","2.69","5.5","0.3","0.069","2025-01-22 22:02:37.315","0.9.5.dev2+g80b81b4","GBa23  z=N/A ;  DKo24  z=5.110","2","5.1051","5.1051","3","Auto","Redshift matches rubies-egs61-v3_prism-clear_4233_952625 z=5.1031","","","FITS   d2d","","","1",""
"rubies-egs63-v4","rubies-egs63-v4_g395m-f290lp_4233_42232.spec.fits","214.88679216","52.85538053","42232","jw04233006003_02_msa.fits","85","G395M_F290LP","2844.8","3.41","5.5","1.3","0.6","2025-01-22 21:24:38.296","0.9.5.dev2+g80b81b4","VKo24  z=N/A ;  DKo24  z=4.950","2","4.9512","4.9512","3","Auto","Redshift matches valentino-egs-v3_g235m-f170lp_3567_42232 z=4.9537","","","FITS   d2d","","","1",""
"rubies-egs62-v4","rubies-egs62-v4_g395m-f290lp_4233_948917.spec.fits","214.8924789","52.8568903","948917","jw04233006002_02_msa.fits","168","G395M_F290LP","2844.8","2.69","5.5","0.7","0.173","2025-01-22 22:10:59.579","0.9.5.dev2+g80b81b4","VKo24  z=N/A","1","6.728","6.728","3","Auto","Redshift matches rubies-egs62-v3_g395m-f290lp_4233_948917 z=6.7302","","","FITS   d2d","","","1",""
"rubies-egs63-v4","rubies-egs63-v4_g395m-f290lp_4233_28812.spec.fits","214.92414907","52.84905034","28812","jw04233006003_02_msa.fits","143","G395M_F290LP","2844.8","2.69","5.5","1.7","0.391","2025-01-22 22:10:32.475","0.9.5.dev2+g80b81b4","VKo24  z=N/A","1","4.2246","4.2246","3","Auto","Redshift matches rubies-egs63-nod-v3_prism-clear_4233_28812 z=4.2223","","","FITS   d2d","","","1",""
"rubies-egs62-v4","rubies-egs62-v4_g395m-f290lp_4233_38434.spec.fits","214.88712333","52.84537637","38434","jw04233006002_02_msa.fits","294","G395M_F290LP","2844.8","2.69","5.5","0.7","0.233","2025-01-22 22:08:37.215","0.9.5.dev2+g80b81b4","-","0","2.852","2.852","3","Auto","Redshift matches rubies-egs63-nod-v3_prism-clear_4233_38434 z=2.8502","","","FITS   d2d","","","1",""
"rubies-egs63-v4","rubies-egs63-v4_g395m-f290lp_4233_42803.spec.fits","214.92952394","52.88791877","42803","jw04233006003_02_msa.fits","135","G395M_F290LP","2844.8","2.69","5.5","0.5","0.101","2025-01-22 21:31:08.869","0.9.5.dev2+g80b81b4","DKo24  z=7.160","1","7.1522","7.1522","3","Auto","Redshift matches rubies-egs63-nod-v3_prism-clear_4233_42803 z=7.1567","","","FITS   d2d","","","1",""
"rubies-egs63-v4","rubies-egs63-v4_g395m-f290lp_4233_49140.spec.fits","214.89224786","52.87740968","49140","jw04233006003_02_msa.fits","87","G395M_F290LP","2844.8","2.69","5.5","2.5","0.785","2025-01-22 22:08:58.993","0.9.5.dev2+g80b81b4","DKo24  z=6.690 ;  VKo24  z=N/A","2","6.6852","6.6852","3","Auto","Redshift matches rubies-egs63-v3_prism-clear_4233_49140 z=6.6832","","","FITS   d2d","","","1",""
"rubies-uds1-v4","rubies-uds1-v4_g395m-f290lp_4233_11917.spec.fits","34.2682663","-5.2952078","11917","jw04233001001_02_msa.fits","227","G395M_F290LP","2844.8","2.69","5.5","0.1","0.03","2025-01-22 22:02:30.069","0.9.5.dev2+g80b81b4","-","0","2.5826","2.5826","3","Auto","Redshift matches rubies-uds1-v3_g395m-f290lp_4233_11917 z=2.5822","","","FITS   d2d","","","1",""
"rubies-uds1-v4","rubies-uds1-v4_g395m-f290lp_4233_31747.spec.fits","34.2237573","-5.2602446","31747","jw04233001001_02_msa.fits","510","G395M_F290LP","2844.8","2.69","5.5","1.1","0.31","2025-01-22 21:56:57.729","0.9.5.dev2+g80b81b4","-","0","4.1291","4.1291","3","Auto","Redshift matches rubies-uds1-v3_prism-clear_4233_31747 z=4.1305","","","FITS   d2d","","","1",""
"rubies-uds1-v4","rubies-uds1-v4_g395m-f290lp_4233_40579.spec.fits","34.2441997","-5.2458714","40579","jw04233001001_02_msa.fits","442","G395M_F290LP","2844.8","2.69","5.5","15.6","4.769","2025-01-22 21:24:35.065","0.9.5.dev2+g80b81b4","DKo24  z=3.100","1","3.1073","3.1073","3","Auto","Redshift matches rubies-uds1-v3_g395m-f290lp_4233_40579 z=3.1079","","","FITS   d2d","","","1",""
"rubies-uds1-v4","rubies-uds1-v4_g395m-f290lp_4233_928474.spec.fits","34.2437001","-5.2714377","928474","jw04233001001_02_msa.fits","377","G395M_F290LP","2844.8","2.69","5.5","4.2","1.677","2025-01-22 22:04:54.259","0.9.5.dev2+g80b81b4","DKo24  z=N/A","1","6.811","","-1","","","","","FITS   d2d","","","1",""
"rubies-uds21-v4","rubies-uds21-v4_g395m-f290lp_4233_175975.spec.fits","34.21038509","-5.09873621","175975","jw04233002001_02_msa.fits","197","G395M_F290LP","2844.8","2.69","5.48","2.1","0.564","2025-01-19 20:48:04.352","0.9.4.dev7+g92b1aa6","DKo24  z=N/A","1","2.9507","2.9507","3","Auto","Redshift matches rubies-uds21-nod-v3_prism-clear_4233_175975 z=2.9451","","","FITS   d2d","","","1",""
"rubies-uds21-v4","rubies-uds21-v4_g395m-f290lp_4233_182791.spec.fits","34.21381285","-5.0870495","182791","jw04233002001_02_msa.fits","203","G395M_F290LP","2844.8","2.69","5.5","1.6","0.403","2025-01-19 20:48:10.057","0.9.4.dev7+g92b1aa6","VKo24  z=N/A","1","4.7145","4.7145","3","Auto","Redshift matches rubies-uds21-nod-v3_prism-clear_4233_182791 z=4.7195","","","FITS   d2d","","","1",""
"rubies-uds22-v4","rubies-uds22-v4_g395m-f290lp_4233_119957.spec.fits","34.26890764","-5.17672184","119957","jw04233002002_02_msa.fits","137","G395M_F290LP","5689.7","2.69","5.5","1","0.213","2025-01-19 22:45:45.597","0.9.4.dev7+g92b1aa6","VKo24  z=N/A","1","4.1489","4.1489","3","Auto","Redshift matches rubies-uds22-v3_g395m-f290lp_4233_119957 z=4.1489","","","FITS   d2d","","","1",""
"rubies-uds22-v4","rubies-uds22-v4_g395m-f290lp_4233_139709.spec.fits","34.29600217","-5.1498952","139709","jw04233002002_02_msa.fits","100","G395M_F290LP","5689.7","2.69","5.5","0.5","0.169","2025-01-19 22:47:09.720","0.9.4.dev7+g92b1aa6","DKo24  z=N/A ;  VKo24  z=N/A","2","5.6831","5.6831","3","Auto","Redshift matches rubies-uds22-nod-v3_prism-clear_4233_139709 z=5.6898","","","FITS   d2d","","","1",""
"rubies-uds23-v4","rubies-uds23-v4_g395m-f290lp_4233_144195.spec.fits","34.32515593","-5.14368529","144195","jw04233002003_02_msa.fits","133","G395M_F290LP","5689.7","2.69","5.5","2.8","0.562","2025-01-19 23:04:08.182","0.9.4.dev7+g92b1aa6","-","0","3.3537","3.3537","3","Auto","Redshift matches rubies-uds23-v3_prism-clear_4233_144195 z=3.3607","","","FITS   d2d","","","1",""
"rubies-uds23-v4","rubies-uds23-v4_g395m-f290lp_4233_167741.spec.fits","34.3346034","-5.11026932","167741","jw04233002003_02_msa.fits","146","G395M_F290LP","5689.7","2.69","5.5","0.5","0.26","2025-01-19 23:06:44.670","0.9.4.dev7+g92b1aa6","DKo24  z=N/A","1","4.1159","4.1159","3","Auto","Redshift matches rubies-uds23-v3_prism-clear_4233_167741 z=4.1247","","","FITS   d2d","","","1",""
"rubies-uds23-v4","rubies-uds23-v4_g395m-f290lp_4233_172350.spec.fits","34.36895117","-5.10394147","172350","jw04233002003_02_msa.fits","63","G395M_F290LP","5689.7","2.69","5.5","0.9","0.223","2025-01-19 23:06:53.553","0.9.4.dev7+g92b1aa6","DKo24  z=N/A","1","5.581","5.581","3","Auto","Redshift matches rubies-uds23-v3_g395m-f290lp_4233_172350 z=5.5792","","","FITS   d2d","","","1",""
"rubies-uds31-v4","rubies-uds31-v4_g395m-f290lp_4233_981721.spec.fits","34.372371","-5.1159131","981721","jw04233003001_02_msa.fits","6","G395M_F290LP","2844.8","2.69","5.5","0.4","0.113","2025-01-22 22:01:55.453","0.9.5.dev2+g80b81b4","VKo24  z=N/A","1","7.1977","7.1977","3","Auto","Redshift matches rubies-uds31-v3_g395m-f290lp_4233_981721 z=7.1968","","","FITS   d2d","","","1",""
"rubies-uds3-v4","rubies-uds3-v4_g395m-f290lp_4233_47509.spec.fits","34.2646021","-5.2325857","47509","jw04233001003_02_msa.fits","424","G395M_F290LP","2844.8","2.69","5.5","0.8","0.203","2025-01-22 22:09:15.573","0.9.5.dev2+g80b81b4","DKo24  z=5.680 ;  VKo24  z=N/A","2","5.6718","5.6718","3","Auto","Redshift matches rubies-uds3-nod-v3_prism-clear_4233_47509 z=5.6754","","","FITS   d2d","","","1",""
"rubies-uds3-v4","rubies-uds3-v4_g395m-f290lp_4233_50716.spec.fits","34.3131541","-5.2267809","50716","jw04233001003_02_msa.fits","228","G395M_F290LP","2844.8","2.69","5.5","0.4","0.159","2025-01-22 21:40:03.751","0.9.5.dev2+g80b81b4","VKo24  z=N/A ;  DKo24  z=6.170","2","6.1673","6.1673","3","Auto","Redshift matches rubies-uds3-v3_g395m-f290lp_4233_50716 z=6.1693","","","FITS   d2d","","","1",""
"rubies-uds31-v4","rubies-uds31-v4_g395m-f290lp_4233_154183.spec.fits","34.41074855","-5.12966426","154183","jw04233003001_02_msa.fits","107","G395M_F290LP","2844.8","2.69","5.5","6.3","1.335","2025-01-22 21:40:59.240","0.9.5.dev2+g80b81b4","-","0","3.546","3.546","3","Auto","Redshift matches rubies-uds31-nod-v3_prism-clear_4233_154183 z=3.5446","","","FITS   d2d","","","1",""
"rubies-uds33-v4","rubies-uds33-v4_g395m-f290lp_4233_29813.spec.fits","34.45335487","-5.27071691","29813","jw04233003003_02_msa.fits","104","G395M_F290LP","2844.8","2.69","5.5","0.3","0.11","2025-01-22 21:40:00.428","0.9.5.dev2+g80b81b4","VKo24  z=N/A ;  DKo24  z=N/A","2","5.4399","5.4399","3","Auto","Redshift matches rubies-uds33-nod-v3_prism-clear_4233_29813 z=5.4435","","","FITS   d2d","","","1",""
"rubies-uds42-v4","rubies-uds42-v4_g395m-f290lp_4233_23438.spec.fits","34.33827056","-5.28089511","23438","jw04233004002_02_msa.fits","41","G395M_F290LP","2844.8","2.81","5.5","1.1","0.405","2025-01-22 21:54:27.691","0.9.5.dev2+g80b81b4","-","0","3.6851","3.6851","3","Auto","Redshift matches rubies-uds42-nod-v3_prism-clear_4233_23438 z=3.6917","","","FITS   d2d","","","1",""
"rubies-uds42-v4","rubies-uds42-v4_g395m-f290lp_4233_807469.spec.fits","34.3761391","-5.3103658","807469","jw04233004002_02_msa.fits","185","G395M_F290LP","2844.8","2.69","5.5","0.4","0.107","2025-01-22 21:33:46.273","0.9.5.dev2+g80b81b4","DKo24  z=N/A","1","6.7754","6.7754","3","Auto","Redshift matches rubies-uds42-v3_g395m-f290lp_4233_807469 z=6.7765","","","FITS   d2d","","","1",""
"rubies-uds43-v4","rubies-uds43-v4_g395m-f290lp_4233_40800.spec.fits","34.32412198","-5.25278885","40800","jw04233004003_02_msa.fits","69","G395M_F290LP","2844.8","2.69","5.5","0.7","0.252","2025-01-22 22:36:46.719","0.9.5.dev2+g80b81b4","DKo24  z=N/A","1","4.9822","4.9822","3","Auto","Redshift matches rubies-uds43-v3_g395m-f290lp_4233_40800 z=4.9831","","","FITS   d2d","","","1",""
"rubies-uds43-v4","rubies-uds43-v4_g395m-f290lp_4233_848745.spec.fits","34.3105753","-5.2498985","848745","jw04233004003_02_msa.fits","18","G395M_F290LP","2844.8","2.69","5.5","0.3","0.101","2025-01-22 22:36:05.080","0.9.5.dev2+g80b81b4","DKo24  z=N/A","1","7.1121","7.1121","3","Auto","Redshift matches rubies-uds43-v3_g395m-f290lp_4233_848745 z=7.1144","","","FITS   d2d","","","1",""
"ceers-v4","ceers-v4_g395m-f290lp_1345_746.spec.fits","214.8091416","52.8684835","746","jw01345061001_01_msa.fits","40","G395M_F290LP","3063.7","2.69","5.5","0.6","0.132","2025-01-22 21:28:18.438","0.9.5.dev2+g80b81b4","GBa23  z=5.614 ;  DKo24  z=5.620 ;  DKo23  z=5.624 ;  YHa23  z=5.624 ;  KNa23  z=5.626 ;  ILa22  z=N/A ;  VKo24  z=N/A","7","5.6231","5.6231","3","Auto","Redshift matches ceers-v4_prism-clear_1345_746 z=5.6298","","","FITS   d2d","","","0",""
"valentino-cosmos04-v4","valentino-cosmos04-v4_g235m-f170lp_3567_47567.spec.fits","150.10690937","2.36004861","47567","jw03567004001_01_msa.fits","22","G235M_F170LP","10504","1.61","4.36","0.4","0.115","2025-01-22 21:42:08.634","0.9.5.dev2+g80b81b4","VKo24  z=N/A","1","6.9983","6.9983","3","Auto","Redshift matches cosmos-transients-v3_prism-clear_6585_61234 z=6.9963","","","FITS   d2d","","","1",""
"egs-nelsonx-v4","egs-nelsonx-v4_g395m-f290lp_4106_47962.spec.fits","214.89247923","52.8568912","47962","jw04106006001_01_msa.fits","143","G395M_F290LP","3939","2.69","5.5","0.7","0.156","2025-01-22 23:21:24.374","0.9.5.dev2+g80b81b4","VKo24  z=N/A","1","6.7273","6.7273","3","Auto","Redshift matches egs-nelsonx-v3_g395m-f290lp_4106_47962 z=6.7294","","","FITS   d2d","","","1",""
"egs-nelsonx-v4","egs-nelsonx-v4_g395m-f290lp_4106_57146.spec.fits","214.89224643","52.87740951","57146","jw04106006001_01_msa.fits","116","G395M_F290LP","3939","2.69","5.5","0.5","0.205","2025-01-22 23:27:10.934","0.9.5.dev2+g80b81b4","DKo24  z=6.690 ;  VKo24  z=N/A","2","6.6859","6.6859","3","Auto","Redshift matches egs-nelsonx-v3_g395m-f290lp_4106_57146 z=6.6840","","","FITS   d2d","","","1",""
"egs-nelsonx-v4","egs-nelsonx-v4_g395m-f290lp_4106_71365.spec.fits","214.89554496","52.90672235","71365","jw04106006001_01_msa.fits","87","G395M_F290LP","3939","2.69","5.5","0.7","0.116","2025-01-22 23:20:34.770","0.9.5.dev2+g80b81b4","-","0","4.8004","4.8004","3","Auto","Redshift matches egs-nelsonx-v3_g395m-f290lp_4106_71365 z=4.7997","","","FITS   d2d","","","1",""
"egs-nelsonx-v4","egs-nelsonx-v4_g395m-f290lp_4106_85168.spec.fits","214.83065997","52.88777547","85168","jw04106006001_01_msa.fits","16","G395M_F290LP","3939","3.02","5.5","0.2","0.038","2025-01-22 23:11:33.005","0.9.5.dev2+g80b81b4","VKo24  z=N/A","1","7.7605","7.7605","3","Auto","Redshift matches egs-nelsonx-v3_g395m-f290lp_4106_85168 z=7.7607","","","FITS   d2d","","","1",""
"gto-wide-egs1-v4","gto-wide-egs1-v4_g235h-f170lp_1213_2974.spec.fits","215.12674558","53.04836497","2974","jw01213001001_01_msa.fits","70","G235H_F170LP","1604.8","1.66","2.59","0.3","0.193","2025-01-28 13:48:46.683","0.9.5.dev2+g80b81b4","MMa24  z=N/A","1","2.3202","2.3202","3","Auto","Redshift matches gto-wide-egs1-v3_prism-clear_1213_2974 z=2.3231","","","FITS   d2d","","","1",""
"gto-wide-uds11-v4","gto-wide-uds11-v4_g395h-f290lp_1215_4994.spec.fits","34.47112874","-5.19043288","4994","jw01215011001_01_msa.fits","196","G395H_F290LP","1750.7","2.83","3.94","0.4","0.271","2025-01-28 14:06:18.722","0.9.5.dev2+g80b81b4","VKo24  z=N/A ;  VKo24  z=N/A","2","5.5084","5.5084","3","Auto","Redshift matches gto-wide-uds11-v3_prism-clear_1215_4994 z=5.5050","","","FITS   d2d","","","1",""
"gto-wide-uds13-v4","gto-wide-uds13-v4_g235h-f170lp_1215_4273.spec.fits","34.36349549","-5.1769801","4273","jw01215013001_01_msa.fits","127","G235H_F170LP","1604.8","1.66","2.68","0.1","0.095","2025-01-28 14:04:45.408","0.9.5.dev2+g80b81b4","VKo24  z=N/A ;  DKo24  z=N/A","2","4.0532","4.0532","3","Auto","Redshift matches gto-wide-uds13-v3_prism-clear_1215_4273 z=4.0611","","","FITS   d2d","","","1",""
"gto-wide-uds14-v4","gto-wide-uds14-v4_g395h-f290lp_1215_4446.spec.fits","34.27071179","-5.21767054","4446","jw01215014001_01_msa.fits","70","G395H_F290LP","1750.7","2.83","4.33","0.7","0.668","2025-01-28 14:03:46.723","0.9.5.dev2+g80b81b4","DKo24  z=N/A ;  VKo24  z=N/A","2","4.6867","4.6867","3","Auto","Redshift matches gto-wide-uds14-v3_prism-clear_1215_4446 z=4.6909","","","FITS   d2d","","","1",""
