pid,srcid,root,filename,z,norm_factor,Ha_Hb_ratio,Ha_Hb_ratio_err,logL5100,logL5100_err,OIII_Hbeta_ratio,OIII_Hbeta_ratio_err,F5500N,F5500N_err,bin,absorption,absorption_ref
6368,43711,capers-cos07-v4,capers-cos07-v4_prism-clear_6368_43711.spec.fits,4.42,2.56e-20,8.13,0.28,43.4883,0.0043,5.73,0.21,1.353,0.071,B2,False,
6368,30440,capers-cos10-v4,capers-cos10-v4_prism-clear_6368_30440.spec.fits,3.504,2.12e-20,7.82,0.5,42.782,0.018,5.37,0.36,0.607,0.085,B1,False,
6368,32659,capers-cos10-v4,capers-cos10-v4_prism-clear_6368_32659.spec.fits,4.442,5.29e-21,3.71,0.31,42.845,0.022,2.77,0.26,1.3,0.48,B2,False,
6368,4771,capers-cos19-v4,capers-cos19-v4_prism-clear_6368_4771.spec.fits,5.927,4.01e-21,8.43,0.54,43.162,0.018,1.78,0.13,1.65,0.56,B2,False,
6368,9226,capers-cos19-v4,capers-cos19-v4_prism-clear_6368_9226.spec.fits,3.724,6.83e-20,11.57,0.79,43.6054,0.006,6.0,0.43,0.878,0.067,B1,False,
6368,19300,capers-egs47-v4,capers-egs47-v4_prism-clear_6368_19300.spec.fits,4.533,1.39e-20,11.36,0.86,43.3219,0.0049,1.52,0.13,1.49,0.12,B2,False,
6368,212932,capers-egs47-v4,capers-egs47-v4_prism-clear_6368_212932.spec.fits,2.286,2.98e-20,7.5,1.3,42.641,0.01,3.82,0.7,0.812,0.094,B1,False,
6368,11585,capers-egs49-v4,capers-egs49-v4_prism-clear_6368_11585.spec.fits,6.696,2.66e-20,8.03,0.3,44.3387,0.0019,0.882,0.042,3.11,0.14,B3,True,'Rusakov et al. (2026);Juodžbalis et al. (2026)'
6368,8752,capers-egs49-v4,capers-egs49-v4_prism-clear_6368_8752.spec.fits,8.357,1.42e-20,,,44.0009,0.005,,,1.52,0.28,B2,False,
6368,10108,capers-egs53-v4,capers-egs53-v4_prism-clear_6368_10108.spec.fits,6.623,1.32e-20,7.61,0.55,43.5371,0.0079,2.97,0.23,0.97,0.2,B1,False,
6368,23961,capers-egs61-v4,capers-egs61-v4_prism-clear_6368_23961.spec.fits,5.002,8.36e-21,12.0,2.1,43.4608,0.0076,2.15,0.39,2.92,0.33,B3,False,
6368,14197,capers-egs65-v4,capers-egs65-v4_prism-clear_6368_14197.spec.fits,7.153,3.29e-21,16.1,1.4,43.6259,0.0067,1.43,0.14,4.54,0.71,B4,False,
6368,19799,capers-egs65-v4,capers-egs65-v4_prism-clear_6368_19799.spec.fits,4.224,1.70e-20,10.5,1.3,43.6731,0.0043,2.48,0.33,3.32,0.18,B3,True,"'The Sneppen et al. (2026) Sample (""Inside the Cocoon"")'"
6368,23419,capers-udsp1-v4,capers-udsp1-v4_prism-clear_6368_23419.spec.fits,5.516,2.76e-20,9.09,0.29,43.8461,0.0038,1.658,0.06,1.51,0.11,B2,False,
6368,10997,capers-udsp2-v4,capers-udsp2-v4_prism-clear_6368_10997.spec.fits,5.154,9.02e-21,8.3,0.99,43.7014,0.0056,3.39,0.42,3.88,0.38,B4,False,
6368,15322,capers-udsp2-v4,capers-udsp2-v4_prism-clear_6368_15322.spec.fits,3.702,3.02e-20,7.04,0.48,43.5738,0.0035,1.88,0.14,1.974,0.08,B2,False,
2750,1768,ceers-ddt-v4,ceers-ddt-v4_prism-clear_2750_1768.spec.fits,5.088,5.24e-21,9.5,1.1,43.102,0.012,1.94,0.24,1.89,0.36,B2,False,
1345,746,ceers-v4,ceers-v4_prism-clear_1345_746.spec.fits,5.63,3.59e-21,10.8,1.7,43.184,0.026,2.51,0.41,3.3,1.2,B3,False,
6585,58018,cosmos-transients-v4,cosmos-transients-v4_prism-clear_6585_58018.spec.fits,3.926,5.00e-20,9.39,0.5,43.7411,0.0025,3.48,0.19,1.557,0.048,B2,False,
6585,61234,cosmos-transients-v4,cosmos-transients-v4_prism-clear_6585_61234.spec.fits,7.003,1.67e-20,10.04,0.38,43.8937,0.0045,2.156,0.089,1.5,0.17,B2,False,
4106,47962,egs-nelsonx-v4,egs-nelsonx-v4_prism-clear_4106_47962.spec.fits,6.729,1.89e-20,3.92,0.11,43.7505,0.0066,2.714,0.082,1.11,0.16,B1,False,
4106,51623,egs-nelsonx-v4,egs-nelsonx-v4_prism-clear_4106_51623.spec.fits,4.959,1.09e-20,13.12,0.58,43.6087,0.0042,1.032,0.055,2.98,0.19,B3,False,
4106,71365,egs-nelsonx-v4,egs-nelsonx-v4_prism-clear_4106_71365.spec.fits,4.804,1.00e-20,5.36,0.28,43.072,0.013,5.52,0.31,1.03,0.17,B1,False,
2198,12577,gds-barrufet-s67-v4,gds-barrufet-s67-v4_prism-clear_2198_12577.spec.fits,5.236,1.19e-20,9.45,0.82,43.295,0.017,4.3,0.39,1.24,0.31,B1,False,
2198,4490,gds-barrufet-s67-v4,gds-barrufet-s67-v4_prism-clear_2198_4490.spec.fits,3.706,2.06e-20,5.79,0.75,43.3902,0.0092,3.9,0.54,1.97,0.21,B2,False,
2198,4820,gds-barrufet-s67-v4,gds-barrufet-s67-v4_prism-clear_2198_4820.spec.fits,3.799,3.09e-20,7.5,0.81,43.351,0.01,4.63,0.52,1.07,0.14,B1,False,
1213,2974,gto-wide-egs1-v4,gto-wide-egs1-v4_prism-clear_1213_2974.spec.fits,2.319,5.27e-20,4.21,0.4,42.865,0.011,2.78,0.29,0.781,0.085,B1,False,
1215,4273,gto-wide-uds13-v4,gto-wide-uds13-v4_prism-clear_1215_4273.spec.fits,4.054,2.68e-20,9.8,1.9,43.208,0.028,5.4,1.1,0.87,0.3,B1,False,
1215,4446,gto-wide-uds14-v4,gto-wide-uds14-v4_prism-clear_1215_4446.spec.fits,4.683,4.77e-20,11.6,0.6,43.8352,0.0045,3.11,0.17,1.26,0.1,B2,False,
1181,39353,jades-gdn198-v4,jades-gdn198-v4_prism-clear_1181_39353.spec.fits,4.852,1.29e-20,4.48,0.59,43.169,0.018,3.26,0.5,1.14,0.34,B1,False,
1181,53501,jades-gdn198-v4,jades-gdn198-v4_prism-clear_1181_53501.spec.fits,3.436,4.23e-20,7.64,0.34,43.319,0.011,3.65,0.17,0.94,0.11,B1,False,
1181,68797,jades-gdn198-v4,jades-gdn198-v4_prism-clear_1181_68797.spec.fits,5.041,4.08e-20,15.43,0.27,44.2358,0.002,2.325,0.046,3.68,0.1,B3,True,'Rusakov et al. (2026)'
1181,73488,jades-gdn09-v4,jades-gdn09-v4_prism-clear_1181_73488.spec.fits,4.131,2.33e-20,9.88,0.3,43.3062,0.0052,3.54,0.11,1.034,0.075,B1,False,
1181,28074,jades-gdn2-v4,jades-gdn2-v4_prism-clear_1181_28074.spec.fits,2.273,3.18e-19,9.12,0.15,44.04391,0.00087,2.773,0.054,1.818,0.017,B2,True," 'The ""Rosetta Stone"" LRD (Juodžbalis et al. 2025); Juodžbalis et al. (2026)'"
1212,98,jades-gds-w09-v4,jades-gds-w09-v4_prism-clear_1212_2993.spec.fits,4.825,1.77e-20,10.9,1.2,43.7559,0.0073,0.232,0.065,2.67,0.27,B3,False,
1180,12402,jades-gds-wide-v4,jades-gds-wide-v4_prism-clear_1180_12402.spec.fits,3.193,2.46e-20,11.13,0.92,43.6222,0.004,1.23,0.11,3.96,0.18,B4,False,
1180,13329,jades-gds-wide-v4,jades-gds-wide-v4_prism-clear_1180_13329.spec.fits,3.935,2.61e-20,5.8,0.49,43.234,0.014,6.51,0.57,0.91,0.14,B1,False,
1286,38562,jades-gds02-v4,jades-gds02-v4_prism-clear_1286_38562.spec.fits,4.822,2.30e-20,6.75,0.3,43.114,0.017,6.14,0.28,0.5,0.086,B1,False,
1286,204851,jades-gds05-v4,jades-gds05-v4_prism-clear_1286_204851.spec.fits,5.485,1.60e-20,7.68,0.28,43.542,0.01,4.4,0.17,1.43,0.23,B2,True,'Juodžbalis et al. (2026) (5664-GS-13971)'
1286,159717,jades-gds06-v4,jades-gds06-v4_prism-clear_1286_159717.spec.fits,5.074,2.11e-20,16.64,0.94,43.4642,0.0062,4.39,0.25,1.15,0.11,B1,True,'Juodžbalis et al. (2026)'
1208,3104035,macs0416-v4,macs0416-v4_prism-clear_1208_3104035.spec.fits,5.007,6.95e-21,6.08,0.44,43.247,0.016,4.05,0.32,2.29,0.54,B2,False,
1208,4103248,macs1423-v4,macs1423-v4_prism-clear_1208_4103248.spec.fits,5.775,1.04e-20,10.2,1.3,43.598,0.011,2.52,0.36,2.21,0.46,B2,False,
1433,1045,macsj0647-v4,macsj0647-v4_prism-clear_1433_1045.spec.fits,4.528,4.36e-20,7.16,0.2,43.4542,0.008,5.43,0.17,0.704,0.068,B1,False,
5224,149501,mom-uds01-v4,mom-uds01-v4_prism-clear_5224_149501.spec.fits,3.966,3.25e-20,6.9,0.25,43.1113,0.0093,6.17,0.24,0.576,0.04,B1,False,
5224,150135,mom-uds01-v4,mom-uds01-v4_prism-clear_5224_150135.spec.fits,7.764,3.61e-21,,,44.217,0.003,,,12.4,1.1,B5,True,'Naidu et al. (2025)'
5224,920396,mom-uds02-v4,mom-uds02-v4_prism-clear_5224_920396.spec.fits,7.098,1.19e-20,10.57,0.45,43.6572,0.0059,4.18,0.19,1.24,0.21,B1,False,
5105,10835,nexus-obs3-v4,nexus-obs3-v4_prism-clear_5105_10835.spec.fits,4.65,4.30e-21,12.8,1.7,43.581,0.014,1.48,0.22,8.0,2.1,B5,False,
5105,10868,nexus-obs3-v4,nexus-obs3-v4_prism-clear_5105_10868.spec.fits,4.389,1.75e-20,8.3,1.7,43.595,0.014,3.78,0.8,2.6,0.39,B3,False,
5105,21941,nexus-obs3-v4,nexus-obs3-v4_prism-clear_5105_21941.spec.fits,3.671,3.01e-20,8.74,0.89,43.385,0.014,3.87,0.41,1.34,0.19,B2,False,
5105,23192,nexus-obs3-v4,nexus-obs3-v4_prism-clear_5105_23192.spec.fits,4.521,5.75e-20,10.32,0.66,44.3549,0.0034,0.748,0.065,3.84,0.2,B4,False,
5105,20152,nexus-obs5-v4,nexus-obs5-v4_prism-clear_5105_20152.spec.fits,2.869,7.75e-20,7.14,0.57,43.6004,0.0076,3.21,0.28,1.47,0.11,B2,False,
5105,2314,nexus-obs5-v4,nexus-obs5-v4_prism-clear_5105_2314.spec.fits,4.422,1.47e-20,17.4,1.6,43.6772,0.0084,2.02,0.19,3.5,0.46,B3,False,
5105,3713,nexus-obs5-v4,nexus-obs5-v4_prism-clear_5105_3713.spec.fits,3.215,4.41e-20,12.5,2.5,43.316,0.02,5.2,1.1,1.2,0.2,B1,False,
5105,7712,nexus-obs5-v4,nexus-obs5-v4_prism-clear_5105_7712.spec.fits,5.869,3.48e-20,12.4,1.2,44.2607,0.0064,0.696,0.096,2.69,0.38,B3,False,
4233,926125,rubies-egs51-v4,rubies-egs51-v4_prism-clear_4233_926125.spec.fits,5.288,1.02e-20,9.74,0.71,43.263,0.021,4.3,0.33,1.09,0.36,B1,False,
4233,42046,rubies-egs53-v4,rubies-egs53-v4_prism-clear_4233_42046.spec.fits,5.285,3.93e-20,10.07,0.31,44.1242,0.0037,0.509,0.021,2.24,0.15,B2,True,'Rusakov et al. (2026); Juodžbalis et al. (2026)'
4233,55604,rubies-egs61-v4,rubies-egs61-v4_prism-clear_4233_55604.spec.fits,6.989,3.60e-20,11.37,0.31,44.375,0.0039,1.02,0.034,2.24,0.22,B2,True,"'The Sneppen et al. (2026) Sample (""Inside the Cocoon""); Juodžbalis et al. (2026)'"
4233,61496,rubies-egs61-v4,rubies-egs61-v4_prism-clear_4233_61496.spec.fits,5.084,8.69e-21,8.0,1.2,43.363,0.018,0.98,0.18,1.91,0.58,B2,False,
4233,31747,rubies-uds1-v4,rubies-uds1-v4_prism-clear_4233_31747.spec.fits,4.129,1.52e-20,9.0,1.3,43.5103,0.0082,0.99,0.19,2.67,0.26,B3,False,
4233,40579,rubies-uds1-v4,rubies-uds1-v4_prism-clear_4233_40579.spec.fits,3.114,7.07e-20,13.21,0.64,44.1375,0.0019,1.0,0.062,5.22,0.11,B5,True,'Wang et al. (2026)'
4233,175975,rubies-uds21-v4,rubies-uds21-v4_prism-clear_4233_175975.spec.fits,2.952,2.38e-20,6.6,1.3,42.966,0.019,3.64,0.76,1.29,0.21,B2,False,
4233,182791,rubies-uds21-v4,rubies-uds21-v4_prism-clear_4233_182791.spec.fits,4.717,3.64e-20,9.64,0.62,43.6509,0.0075,4.14,0.28,1.06,0.13,B1,True,'Juodžbalis et al. (2026)'
4233,119957,rubies-uds22-v4,rubies-uds22-v4_prism-clear_4233_119957.spec.fits,4.152,6.96e-21,8.07,0.74,43.209,0.019,5.77,0.55,2.88,0.5,B3,False,
4233,144195,rubies-uds23-v4,rubies-uds23-v4_prism-clear_4233_144195.spec.fits,3.355,1.15e-20,12.3,2.4,43.5533,0.0056,0.78,0.22,6.32,0.4,B5,False,
4233,172350,rubies-uds23-v4,rubies-uds23-v4_prism-clear_4233_172350.spec.fits,5.586,1.48e-20,13.7,1.5,43.6614,0.0089,1.58,0.19,1.85,0.31,B2,False,
4233,47509,rubies-uds3-v4,rubies-uds3-v4_prism-clear_4233_47509.spec.fits,5.672,2.60e-20,7.46,0.44,43.639,0.013,5.32,0.33,0.89,0.21,B1,False,
4233,154183,rubies-uds31-v4,rubies-uds31-v4_prism-clear_4233_154183.spec.fits,3.549,8.32e-21,9.4,1.1,43.8959,0.003,0.159,0.069,17.49,0.69,B5,True,'Ivey et al. (2026)'
4233,23438,rubies-uds42-v4,rubies-uds42-v4_prism-clear_4233_23438.spec.fits,3.686,2.43e-20,6.4,1.2,43.234,0.018,4.59,0.87,1.17,0.22,B1,False,
2561,20698,uncover-61-v4,uncover-61-v4_prism-clear_2561_20698.spec.fits,2.417,3.26e-20,7.2,0.89,43.0371,0.0038,3.47,0.46,1.819,0.071,B2,False,
2561,21547,uncover-61-v4,uncover-61-v4_prism-clear_2561_21547.spec.fits,5.058,2.87e-20,10.09,0.54,43.8605,0.0027,4.56,0.26,1.968,0.066,B2,False,
2561,24968,uncover-61-v4,uncover-61-v4_prism-clear_2561_24968.spec.fits,6.347,8.99e-21,10.38,0.72,43.4286,0.009,3.0,0.22,1.35,0.25,B2,False,
2561,27114,uncover-61-v4,uncover-61-v4_prism-clear_2561_27114.spec.fits,5.196,5.77e-21,7.5,2.0,43.277,0.011,1.9,0.54,2.69,0.4,B3,False,
2561,45924,uncover-v4,uncover-v4_prism-clear_2561_45924.spec.fits,4.463,1.37e-19,7.79,0.32,44.67549,0.00023,0.963,0.051,3.433,0.014,B3,False,
2561,28876,uncover-v4,uncover-v4_prism-clear_2561_28876.spec.fits,7.036,4.46e-21,7.38,0.67,43.422,0.011,0.297,0.057,1.92,0.57,B2,False,
2561,38108,uncover-v4,uncover-v4_prism-clear_2561_38108.spec.fits,4.968,1.53e-20,10.32,0.82,43.3544,0.0067,2.52,0.21,1.18,0.12,B1,False,
2561,4286,uncover-v4,uncover-v4_prism-clear_2561_4286.spec.fits,5.835,1.48e-20,10.35,0.46,43.7402,0.0048,2.76,0.13,2.11,0.19,B2,False,
2561,49702,uncover-v4,uncover-v4_prism-clear_2561_49702.spec.fits,4.867,4.35e-21,7.12,0.96,43.06,0.012,2.4,0.35,2.13,0.39,B2,False,
2561,13123,uncover-v4,uncover-v4_prism-clear_2561_13123.spec.fits,7.037,7.83e-21,8.21,0.46,43.9774,0.0021,0.139,0.038,4.34,0.2,B4,True,'BlackTHUNDER strikes twice (D'Eugenio et al. 2026)'
